model,bitstring,selected_assets,cardinality,energy,num_occurrences,frequency
standard,011010,"BTC, NASDAQ, GOLD",3,-0.08438911532589319,575,0.575
standard,010110,"BTC, SP500, GOLD",3,-0.08186845272432997,111,0.111
standard,011100,"BTC, NASDAQ, SP500",3,-0.08161603011354276,63,0.063
standard,101010,"ETH, NASDAQ, GOLD",3,-0.07975697426106568,134,0.134
standard,100110,"ETH, SP500, GOLD",3,-0.07799699037311969,53,0.053
standard,110010,"ETH, BTC, GOLD",3,-0.07770999245621729,33,0.033
standard,101100,"ETH, NASDAQ, SP500",3,-0.07673291266179127,16,0.016
standard,111000,"ETH, BTC, NASDAQ",3,-0.07612764909305708,9,0.009
standard,110100,"ETH, BTC, SP500",3,-0.07525675391786027,6,0.006
systemic_risk_aware,010011,"BTC, GOLD, USD",3,0.01723316408239378,822,0.822
systemic_risk_aware,010010,"BTC, GOLD",2,0.018740606245576087,76,0.076
systemic_risk_aware,100011,"ETH, GOLD, USD",3,0.02068108905180891,96,0.096
systemic_risk_aware,100010,"ETH, GOLD",2,0.02264937105672899,6,0.006
