date,mean_correlation,mean_absolute_correlation
2020-12-31,0.08414007672308814,0.3532488045450598
2021-01-04,0.08413039495966373,0.3457626737004042
2021-01-05,0.08369928249662882,0.3459361110826452
2021-01-06,0.08240244906143589,0.34433516926479996
2021-01-07,0.08270755109914116,0.3445894565858546
2021-01-08,0.08146217009728739,0.34331485654339255
2021-01-11,0.07939111858572398,0.3431816254929491
2021-01-12,0.08023605788350481,0.3423825723920642
2021-01-13,0.08102336199171616,0.3432353516916691
2021-01-14,0.08093239008035029,0.34273734790050603
2021-01-15,0.08056486518862857,0.34420842115248623
2021-01-19,0.0792795825818722,0.3437819931930265
2021-01-20,0.07907675225882752,0.3436153479110154
2021-01-21,0.0791496421647075,0.3399705787146924
2021-01-22,0.0791901544496538,0.33915970236129744
2021-01-25,0.07909564031991105,0.3389009144359079
2021-01-26,0.0781438897086439,0.3412883137539232
2021-01-27,0.0801741488938247,0.341214052959883
2021-01-28,0.0798512371000694,0.34077534160628664
2021-01-29,0.07956926896864035,0.33981943802273706
2021-02-01,0.07909551085441209,0.3392035279739242
2021-02-02,0.07857265007279089,0.33859442423535346
2021-02-03,0.0784888911533591,0.3395113730690976
2021-02-04,0.07766171200378717,0.3390565805787161
2021-02-05,0.0771858463487398,0.3398337769248877
2021-02-08,0.07656566150428287,0.33824919455530744
2021-02-09,0.07655382656619236,0.3382795344207568
2021-02-10,0.07664784729932902,0.3383817347778507
2021-02-11,0.07645780078828868,0.3382909513147996
2021-02-12,0.07647776738473004,0.3382240233782892
2021-02-16,0.07628750539651147,0.33807611682642635
2021-02-17,0.07575881715836677,0.3378557956839501
2021-02-18,0.0761300353425447,0.33837100788768637
2021-02-19,0.07567093913347873,0.3382752804149736
2021-02-22,0.0755991588694295,0.33783864817498804
2021-02-23,0.07428182901997438,0.3408167670362352
2021-02-24,0.0730067979828404,0.33942128485007406
2021-02-25,0.07332867838100066,0.3422344612291861
2021-02-26,0.07261497199139307,0.34452100206771524
2021-03-01,0.07211280118574888,0.34590300285880826
2021-03-02,0.07339447112144623,0.34351892781215604
2021-03-03,0.07421432021993823,0.34493878636035413
2021-03-04,0.07436872418725111,0.3474670544426984
2021-03-05,0.07509511548030379,0.3497970114623739
2021-03-08,0.07369850591838556,0.34816563842157267
2021-03-09,0.06822325405959859,0.35137817136982874
2021-03-10,0.06775846911395653,0.35764683859051766
2021-03-11,0.06796731600910005,0.35690661317152184
2021-03-12,0.058584718501522325,0.3021193226270553
2021-03-15,0.06003363432892874,0.3156838540630198
2021-03-16,0.04806726290886284,0.3035630184465828
2021-03-17,0.03821612972264057,0.3103555877551464
2021-03-18,0.039582984505011506,0.3068083249765718
2021-03-19,0.03212847141190327,0.31470828525456235
2021-03-22,0.030809021133999828,0.3155362093965148
2021-03-23,0.033794062545030014,0.32088129187256637
2021-03-24,0.02530486347330941,0.31479837655099413
2021-03-25,0.02474596050292383,0.3156816652490854
2021-03-26,0.028546010234895156,0.3139218103969485
2021-03-29,0.021382748546122807,0.31614072552297373
2021-03-30,0.02090638322230695,0.32016788155343695
2021-03-31,0.019098287789607565,0.3210014095905863
2021-04-01,0.02096999955920626,0.3223378314725396
2021-04-05,0.018587973731833553,0.3223536098746816
2021-04-06,0.01839967275212147,0.32301866371889126
2021-04-07,0.002859505182977809,0.31704633374836905
2021-04-08,0.0016333539696772818,0.3190852596094035
2021-04-09,0.000752053167936182,0.31947493888553324
2021-04-12,0.001637986344632308,0.3189966498289176
2021-04-13,0.0012890714246703188,0.3209344287217903
2021-04-14,0.0020071792027357587,0.31987799515489024
2021-04-15,0.002403734225328465,0.31614108142804365
2021-04-16,0.0002507226375793605,0.3174976167762765
2021-04-19,0.003920591039674997,0.3188686235647048
2021-04-20,0.004322488008739598,0.3178450142139032
2021-04-21,0.0032089950901908193,0.3157991584761969
2021-04-22,4.9315719993028994e-05,0.31462193830735496
2021-04-23,0.0002322682452800632,0.3142604008101204
2021-04-26,0.0007106574337464655,0.31452073176160084
2021-04-27,0.0009286964640181598,0.3139750160472408
2021-04-28,0.0009086058314638027,0.3139713964789122
2021-04-29,-0.00018385002592451248,0.3108890304936067
2021-04-30,-0.0011424672445160809,0.3099463283268565
2021-05-03,-0.0019921026260089703,0.31164237210730783
2021-05-04,-0.002209391070497268,0.31620263252958436
2021-05-05,-0.0022729049847593787,0.3163736962963317
2021-05-06,-0.0023657968348708173,0.31621699472588793
2021-05-07,-0.002782801702924412,0.31423904721077167
2021-05-10,-0.003628298784077062,0.3124437336157039
2021-05-11,-0.002719879675148965,0.3114091680988939
2021-05-12,-0.0030791605928089925,0.32439076696192415
2021-05-13,-0.0021075875266122557,0.32502688444609934
2021-05-14,-0.0032215906650568168,0.3274392803370497
2021-05-17,-0.004238163814641702,0.32536553164623916
2021-05-18,-0.0027510969730859497,0.323291167182675
2021-05-19,-0.005642575391767844,0.32364221015258826
2021-05-20,-0.005241917060066984,0.3266827147154607
2021-05-21,-0.005373549254716991,0.3244447768515081
2021-05-24,-0.005869043173702649,0.32663881387132054
2021-05-25,-0.00764758678177672,0.32929941636570725
2021-05-26,-0.008030140543499965,0.3286022445024844
2021-05-27,-0.007601373427065398,0.32926262613369467
2021-05-28,-0.007836147996116424,0.32886140492337024
2021-06-01,-0.007664280673369291,0.3280038126808388
2021-06-02,-0.007874871676482088,0.32906611514555484
2021-06-03,-0.00804850686827289,0.32918337710785456
2021-06-04,-0.008374351863745709,0.328350569401582
2021-06-07,-0.007037960385416456,0.3310536752602862
2021-06-08,-0.0076345256930866285,0.33120852042814486
2021-06-09,-0.007594699577193902,0.33059808366106075
2021-06-10,-0.0074534079389353865,0.33012600823412186
2021-06-11,-0.003179503280853448,0.32356146920608775
2021-06-14,-0.0035372189437731264,0.3246126584998243
2021-06-15,-0.0038479866264230674,0.3255122524219293
2021-06-16,-0.005562370360365357,0.3279008007727613
2021-06-17,-0.006716691877599218,0.3262593971071827
2021-06-18,-0.007014891378266497,0.3293412892602336
2021-06-21,-0.006293304143767886,0.32409939225838674
2021-06-22,-0.006171060661805854,0.3221479918039481
2021-06-23,-0.006071882859088253,0.3219223652615848
2021-06-24,-0.005947937067657848,0.31926151894229565
2021-06-25,-0.005811241503991099,0.31938660211386005
2021-06-28,-0.0043999696259220305,0.3197711441161272
2021-06-29,-0.004310255144338642,0.31976259896891823
2021-06-30,-0.004128863146184949,0.31917965132150483
2021-07-01,-0.004405478772292425,0.3191351958194777
2021-07-02,-0.00443094867957246,0.3196915972054431
2021-07-06,-0.003482637856153968,0.31794322859305124
2021-07-07,-0.0032318885719623373,0.3180994976096129
2021-07-08,-0.002817846738053208,0.3170484933802347
2021-07-09,-0.002683345898621185,0.31746786664069115
2021-07-12,-0.0026823065683024877,0.3176821631280064
2021-07-13,-0.002479074751897085,0.31952130134305257
2021-07-14,-0.0022395059458277734,0.3195581119738177
2021-07-15,-0.002319230344859649,0.3202513590026828
2021-07-16,-0.0022953167923341847,0.3205189780152172
2021-07-19,-0.0028333882945178667,0.32202680526574784
2021-07-20,-0.0030930243208197,0.3206845799068345
2021-07-21,-0.00334760272707301,0.3225326855328994
2021-07-22,-0.003441123285786965,0.3219900500832018
2021-07-23,-0.0023514281344390623,0.3244275127967537
2021-07-26,-0.0029975650469201633,0.32453418313664034
2021-07-27,-0.0034555898951743086,0.31723616274715516
2021-07-28,-0.0032167586519069114,0.31740700874703254
2021-07-29,-0.003189925745393795,0.31698920536959235
2021-07-30,-0.003476101608188292,0.31681995536139324
2021-08-02,-0.005781458870073817,0.31691369695764127
2021-08-03,-0.006042271825673141,0.31628495987653504
2021-08-04,-0.005973091348434179,0.31571967014789326
2021-08-05,-0.005845707955096636,0.3144519550570586
2021-08-06,-0.006316177596220448,0.3127783661056236
2021-08-09,-0.006966280987482774,0.31020151058538453
2021-08-10,-0.007202215509799084,0.31037797316446697
2021-08-11,-0.009973378757193216,0.3069890572047354
2021-08-12,-0.009877495249355385,0.30604945584211274
2021-08-13,-0.010073166853843494,0.307225605476609
2021-08-16,-0.01068454016669746,0.3073682502379527
2021-08-17,-0.010837562700755607,0.3085345101007211
2021-08-18,-0.010882656860647412,0.3089585799735014
2021-08-19,-0.010139899969238083,0.3060571423023202
2021-08-20,-0.01001104040869401,0.3072985205630471
2021-08-23,-0.010014226480306162,0.30890593909912567
2021-08-24,-0.01022884740534383,0.30880156499178446
2021-08-25,-0.010698395401127771,0.30934630489695264
2021-08-26,-0.012267928148491588,0.3107075767935403
2021-08-27,-0.012377947557238565,0.31329292558532545
2021-08-30,-0.012309681753730428,0.31111631439481
2021-08-31,-0.012919773438819816,0.3124349743382932
2021-09-01,-0.014144637554843475,0.3127746361651284
2021-09-02,-0.013118514825220357,0.31414776827079743
2021-09-03,-0.017396435413027562,0.3076750224778929
2021-09-07,-0.01837570441426266,0.3127382660228433
2021-09-08,-0.01862833513740981,0.30943642948995054
2021-09-09,-0.01871068174580081,0.3077788173954744
2021-09-10,-0.017923023403804868,0.3110151224149947
2021-09-13,-0.018512155279626952,0.31153436766686265
2021-09-14,-0.018844873874378984,0.31001132252144825
2021-09-15,-0.018895956649172745,0.3104096350873543
2021-09-16,-0.01885188030255215,0.31122542345305404
2021-09-17,-0.019502066164518578,0.31372518602779575
2021-09-20,-0.019699262394720602,0.3175187362347144
2021-09-21,-0.019912811882925024,0.31165338982713603
2021-09-22,-0.02010001398170665,0.3132951885626983
2021-09-23,-0.02281891122695186,0.3070828812791666
2021-09-24,-0.02316413408541762,0.306694757147356
2021-09-27,-0.023072035028227047,0.3086199483450395
2021-09-28,-0.023407227264752726,0.3127620014149137
2021-09-29,-0.02325977089272447,0.3128693376249127
2021-09-30,-0.023717546453270573,0.31115480279259344
2021-10-01,-0.023563544401783366,0.3136185834995022
2021-10-04,-0.024183777108706266,0.31127397856932937
2021-10-05,-0.024470284274457906,0.310627495044875
2021-10-06,-0.024204607025104456,0.3082988295751426
2021-10-07,-0.023786977012665876,0.3088060690063628
2021-10-08,-0.02342685494505038,0.30827035209077874
2021-10-11,-0.023581940222106693,0.3056059650327081
2021-10-12,-0.02548462650886696,0.305578510066981
2021-10-13,-0.025531035612151625,0.30572402529414855
2021-10-14,-0.02568863730722759,0.30671715935801347
2021-10-15,-0.026277852325997293,0.30643427852607924
2021-10-18,-0.026652030704313982,0.3063588388076789
2021-10-19,-0.026287382870892537,0.3091706445660732
2021-10-20,-0.026293587086434395,0.3097658453943316
2021-10-21,-0.026151214434625963,0.3095546617442635
2021-10-22,-0.026095245740507134,0.30990419322606816
2021-10-25,-0.025142325059911968,0.30984467593384285
2021-10-26,-0.024741518255619512,0.3090621040376916
2021-10-27,-0.024709255011818438,0.3093978954145571
2021-10-28,-0.02579468310685212,0.30401297408695604
2021-10-29,-0.025821653156263908,0.3049850024676241
2021-11-01,-0.025813782291395568,0.30608855507905125
2021-11-02,-0.025709617659783,0.3060777569681467
2021-11-03,-0.025642083702670987,0.30356572391288406
2021-11-04,-0.023680197809903852,0.30330286554579433
2021-11-05,-0.024112998218037838,0.29617619659549377
2021-11-08,-0.024036249710197948,0.29560773855345746
2021-11-09,-0.023202904545656867,0.2964783197894374
2021-11-10,-0.023563771117168862,0.2979230478552032
2021-11-11,-0.023551962192358573,0.2986227615316148
2021-11-12,-0.023368637732408257,0.29958986593036296
2021-11-15,-0.02331393199551357,0.2988468748598798
2021-11-16,-0.023590392641233048,0.298465163187665
2021-11-17,-0.023389905948774384,0.2985779287036963
2021-11-18,-0.023553037449706264,0.2977938052335614
2021-11-19,-0.023043219512751532,0.2973954762927457
2021-11-22,-0.022267757852275083,0.3014167066366128
2021-11-23,-0.021245731304689357,0.30350874158341096
2021-11-24,-0.020376728435292053,0.3044157372676303
2021-11-26,-0.01878931077610773,0.2992561452993109
2021-11-29,-0.019000799444365727,0.30233173638312244
2021-11-30,-0.017711647632288042,0.30196125332612844
2021-12-01,-0.017215868851576083,0.3015871299083783
2021-12-02,-0.01761003782384834,0.2997877741166372
2021-12-03,-0.017799104861336696,0.29983478507064276
2021-12-06,-0.017746436436518014,0.29924132685178406
2021-12-07,-0.018716602578399646,0.2987382765350926
2021-12-08,-0.01804772773381192,0.299358875261636
2021-12-09,-0.01796614946845157,0.30148878523524364
2021-12-10,-0.01810122842376011,0.3013999540752438
2021-12-13,-0.0182557535946498,0.3020064214773168
2021-12-14,-0.017838448912143555,0.30376372425765796
2021-12-15,-0.01777042668101807,0.30361278263018165
2021-12-16,-0.018228263768311104,0.3004292340461813
2021-12-17,-0.01832577769412154,0.29949269009449
2021-12-20,-0.018192081079212812,0.299393044184822
2021-12-21,-0.018184347500405835,0.299372252133051
2021-12-22,-0.01861093662132869,0.30116014115576784
2021-12-23,-0.018825982289984184,0.30237269782329335
2021-12-27,-0.018937235692188203,0.30115319877849184
2021-12-28,-0.020338714621990266,0.3009842573375135
2021-12-29,-0.019731798218909618,0.30105688753676363
2021-12-30,-0.019570919919817603,0.3006416430150834
2021-12-31,-0.019535489320164155,0.30056262280032675
2022-01-03,-0.02000795591032975,0.311242764620213
2022-01-04,-0.020056802250674296,0.30905482123009964
2022-01-05,-0.018057827335721616,0.3093975594742388
2022-01-06,-0.01885120384371069,0.30990607998296876
2022-01-07,-0.015926961966017755,0.31053496295509114
2022-01-10,-0.014633877714230473,0.30750583291522776
2022-01-11,-0.015748698635519896,0.31079269878285304
2022-01-12,-0.01691893489393678,0.31214084707914447
2022-01-13,-0.015522294071247791,0.31282521797306595
2022-01-14,-0.015439651257745077,0.3100245003554381
2022-01-18,-0.015762420160681283,0.31210890074651376
2022-01-19,-0.016515371111493673,0.31002085003082863
2022-01-20,-0.01804157632953616,0.31475687298870747
2022-01-21,-0.013138442554989225,0.31930003172089244
2022-01-24,-0.013332141088612063,0.3194074504906358
2022-01-25,-0.013891128773206987,0.3181613913860958
2022-01-26,-0.014386027584678546,0.3119803078884168
2022-01-27,-0.01390233883167981,0.3114067258484571
2022-01-28,-0.012673488138703361,0.3131185203378715
2022-01-31,-0.014244736780528329,0.3191935324919428
2022-02-01,-0.013647334233645407,0.320661634393627
2022-02-02,-0.01363872442277462,0.31949697663309223
2022-02-03,-0.010712158169044089,0.3176135609402929
2022-02-04,-0.009207236504707072,0.31657358330704966
2022-02-07,-0.010744957092134152,0.31799923293283916
2022-02-08,-0.010585207847887499,0.31787954926406675
2022-02-09,-0.010468643974061456,0.31891791411530795
2022-02-10,-0.010165034794925941,0.31977383576243346
2022-02-11,-0.011001298040172346,0.32223951212575624
2022-02-14,-0.010400765883839157,0.3212441125293733
2022-02-15,-0.010621829852131531,0.32343910019979927
2022-02-16,-0.010448338335036774,0.32414278282856973
2022-02-17,-0.01076904042183258,0.32503131490734766
2022-02-18,-0.010494299535264822,0.3276653529689468
2022-02-22,-0.010291558980232415,0.32830749004499615
2022-02-23,-0.010219991308150218,0.3285321196593852
2022-02-24,-0.00729162557029472,0.31917008356195076
2022-02-25,-0.00844897998521336,0.31906016039359125
2022-02-28,-0.007777296575960952,0.31512740092336056
2022-03-01,-0.00826090407755516,0.3115448783624991
2022-03-02,-0.007940120118347837,0.31038196890324105
2022-03-03,-0.007923576935746541,0.30748507628035526
2022-03-04,-0.009437068222174421,0.31199274966629403
2022-03-07,-0.009207966663062537,0.3173219030840067
2022-03-08,-0.011368284231725412,0.31776479181014816
2022-03-09,-0.014580532754806398,0.3254842792635354
2022-03-10,-0.014397583554868061,0.3248514369917241
2022-03-11,-0.01449572711815736,0.32541541063134527
2022-03-14,-0.014297538167896615,0.3245021549444735
2022-03-15,-0.015452330052320658,0.32476102835732473
2022-03-16,-0.016895033193609604,0.3295340307780699
2022-03-17,-0.01596212799586603,0.3274577805164759
2022-03-18,-0.015919240632387848,0.3283286574744996
2022-03-21,-0.01608444365704426,0.3304132845350057
2022-03-22,-0.015753121226717758,0.3307963579353902
2022-03-23,-0.016086005564777482,0.32938519914043035
2022-03-24,-0.014713023231729358,0.32822087852807524
2022-03-25,-0.01560752208485842,0.3274622505819148
2022-03-28,-0.015161089221146002,0.32934798389984904
2022-03-29,-0.01564709373022836,0.3303866809195218
2022-03-30,-0.01615964062440281,0.33083215938737986
2022-03-31,-0.016627390361070044,0.33250445547997837
2022-04-01,-0.01709261264090934,0.3330844808027826
2022-04-04,-0.01623407921452786,0.33185283279558464
2022-04-05,-0.016770812305945654,0.33365638470984554
2022-04-06,-0.015957573879663838,0.3340474345382403
2022-04-07,-0.015590435221303715,0.3337064507717382
2022-04-08,-0.015303246051469968,0.33379569048907
2022-04-11,-0.015277141498082913,0.33571432003135343
2022-04-12,-0.014820672257975327,0.3358667550259891
2022-04-13,-0.01619655803390852,0.3380765050770065
2022-04-14,-0.015877239078342778,0.3388292584166441
2022-04-18,-0.018501968577369358,0.3407436378390665
2022-04-19,-0.018816822419182457,0.3423508645477045
2022-04-20,-0.017243796434683527,0.3422780821290785
2022-04-21,-0.017097891078142004,0.342780001516576
2022-04-22,-0.017650433976735522,0.34334083537209414
2022-04-25,-0.018392495890240494,0.3439525783705052
2022-04-26,-0.019128738458507266,0.3493635658287251
2022-04-27,-0.01918999524310228,0.3491755037429445
2022-04-28,-0.016667471301621484,0.34612645418911586
2022-04-29,-0.014619520659795868,0.3455243641762526
2022-05-02,-0.013689161114749356,0.3487577364109245
2022-05-03,-0.0138001484671064,0.3477212989643515
2022-05-04,-0.015054808887034392,0.3531649656091883
2022-05-05,-0.017009078499645502,0.3619427780526068
2022-05-06,-0.016583492643916,0.36132133754857
2022-05-09,-0.006645460873609752,0.3649081865353221
2022-05-10,-0.006758383524497121,0.3664084183489884
2022-05-11,-0.004043481402117141,0.3626105334428179
2022-05-12,-0.004518312647578704,0.3630219358609882
2022-05-13,-0.005225922002646316,0.36325903730366715
2022-05-16,-0.003194719991997485,0.362737034158417
2022-05-17,-0.004016862662951431,0.3652882927957298
2022-05-18,0.0006537677224312823,0.37041962651950533
2022-05-19,0.0003311431958034495,0.36750879161636907
2022-05-20,-0.0001117034901892358,0.3689064530675459
2022-05-23,-0.0008220798710518359,0.36809056452381117
2022-05-24,-0.0012029565539608202,0.3675341263570817
2022-05-25,-0.0018528555278680295,0.3682437534133077
2022-05-26,-0.0034616116854594373,0.366425526482488
2022-05-27,-0.004135473382516978,0.3648794388054986
2022-05-31,-0.00502072470530499,0.3636220680676033
2022-06-01,-0.005524987841174183,0.3643152481877779
2022-06-02,-0.005206438362904196,0.36522328276968663
2022-06-03,-0.0037124908461422536,0.3667021108809972
2022-06-06,-0.0029917556328881525,0.36761945270926105
2022-06-07,-0.0031239148411419497,0.36732453063915155
2022-06-08,-0.003039372757367196,0.369297197344924
2022-06-09,-0.004039208566018524,0.3704516974981894
2022-06-10,-0.005299292736968608,0.37484164422229704
2022-06-13,0.002424515864952213,0.3832634753396706
2022-06-14,0.0025234842334284292,0.38345877693234653
2022-06-15,0.0030208197729699976,0.3833751218250623
2022-06-16,0.010074748457696852,0.37851604735998723
2022-06-17,0.01080898457216245,0.37603292238270936
2022-06-21,0.010748932770388572,0.3840128087433478
2022-06-22,0.011468979669880974,0.3829217323826999
2022-06-23,0.012237807612852283,0.3829625366989005
2022-06-24,0.012283971167669074,0.3831532726256274
2022-06-27,0.012988283712111264,0.3843363636217536
2022-06-28,0.011944306742593655,0.38627924931945334
2022-06-29,0.012023901617390318,0.3864903044358555
2022-06-30,0.01301662503578819,0.38617734749335453
2022-07-01,0.013284051484687396,0.38625529872313813
2022-07-05,0.0143348148191055,0.3837543401533492
2022-07-06,0.012857502845208865,0.3846564976676906
2022-07-07,0.013716908888060547,0.38487751064256315
2022-07-08,0.013644226725049644,0.3857804600181788
2022-07-11,0.012981913552109122,0.38827735107902633
2022-07-12,0.01348055686276534,0.38860783502783147
2022-07-13,0.013372894110793697,0.3880080206098819
2022-07-14,0.012927029690510813,0.38714784158663645
2022-07-15,0.012623600382033775,0.3878267571370754
2022-07-18,0.009389599339228135,0.3833373637610589
2022-07-19,0.00824624389500936,0.3833897721496237
2022-07-20,0.008339989881867233,0.38453408085577706
2022-07-21,0.009223378246859149,0.38321172243255125
2022-07-22,0.00927148758808671,0.3831283881442759
2022-07-25,0.009543927262128205,0.38199884361130704
2022-07-26,0.009882790435566372,0.38303855436905804
2022-07-27,0.010214269406348684,0.38823947739208625
2022-07-28,0.011484343619319545,0.38789074245420446
2022-07-29,0.011348057943514693,0.3874214995251057
2022-08-01,0.011839652499429342,0.38780174231727027
2022-08-02,0.012786447118747025,0.38903781036087265
2022-08-03,0.012245867732422522,0.38923649504546226
2022-08-04,0.012163836022206114,0.38994133150425986
2022-08-05,0.01228926720489595,0.38807977895675155
2022-08-08,0.012873858294986305,0.38870799815476126
2022-08-09,0.014188229263787164,0.39199610031989485
2022-08-10,0.013161791115572544,0.395251526499292
2022-08-11,0.0131765139549383,0.39509216037024414
2022-08-12,0.014819452877290378,0.3942013957500794
2022-08-15,0.01486615548102121,0.39292729192870623
2022-08-16,0.015297278903781665,0.39327641337206903
2022-08-17,0.015893785777635814,0.39243621190215355
2022-08-18,0.01565051917675632,0.39323317044590667
2022-08-19,0.01514240216644685,0.3962821952137794
2022-08-22,0.014650224527130093,0.3944387248925978
2022-08-23,0.014728900161925249,0.394389030238671
2022-08-24,0.014915046584333862,0.39475569687128353
2022-08-25,0.015176660528339029,0.3950386975013398
2022-08-26,0.017044780125094635,0.3966632457722901
2022-08-29,0.0168488330204676,0.395246241118076
2022-08-30,0.01776903929654469,0.3952121898097795
2022-08-31,0.017784386324864548,0.3949560019152686
2022-09-01,0.018452207294190837,0.394669443346
2022-09-02,0.018404620948600108,0.3946652885204539
2022-09-06,0.01794114435651901,0.394755358682542
2022-09-07,0.018492510935866843,0.39433492169698947
2022-09-08,0.018490268472774095,0.3946301926227015
2022-09-09,0.01826437340537578,0.39657476434773786
2022-09-12,0.0183383177026902,0.39623831368907175
2022-09-13,0.017969246016232697,0.40212365201128253
2022-09-14,0.01790817200102788,0.40246073003497207
2022-09-15,0.020209759221359685,0.4017940476723632
2022-09-16,0.020282451143416064,0.40171617531681764
2022-09-19,0.02017927044548569,0.4012022357063336
2022-09-20,0.021001449221748885,0.40047642309295883
2022-09-21,0.02092669034499089,0.40248476924005916
2022-09-22,0.02077389179702104,0.40116531942738753
2022-09-23,0.02069131127908023,0.4000826903787651
2022-09-26,0.020664770086358294,0.4006552837439302
2022-09-27,0.020633161659285866,0.4007005289527041
2022-09-28,0.019986094006284805,0.4010417964870373
2022-09-29,0.020089968110367208,0.39980943525857515
2022-09-30,0.020132328585026747,0.3991458090502449
2022-10-03,0.02103827261242364,0.3967313572078192
2022-10-04,0.02092469390142891,0.3991741613382178
2022-10-05,0.021014571469388378,0.3986966135213061
2022-10-06,0.021182939831024414,0.39938493099024536
2022-10-07,0.021395086831734494,0.39903383691182065
2022-10-10,0.02167331447619008,0.3996054595499912
2022-10-11,0.02176366504596155,0.4009297294692897
2022-10-12,0.021762085615821703,0.40094863371475187
2022-10-13,0.021008785729910898,0.4003639219650583
2022-10-14,0.021153588824009986,0.39973043006304565
2022-10-17,0.021839421481280832,0.40221573999928917
2022-10-18,0.02176191609737169,0.4021350993117749
2022-10-19,0.021714310763103813,0.40198247861975356
2022-10-20,0.021771981242553994,0.4012935776484971
2022-10-21,0.022053862694434295,0.40286703986693795
2022-10-24,0.0223095103944056,0.40307260979121373
2022-10-25,0.021058283488861167,0.4052572141828368
2022-10-26,0.020682458020985967,0.40406706932801806
2022-10-27,0.020695383658008264,0.4046669163614063
2022-10-28,0.020171938810764685,0.4033219010670996
2022-10-31,0.020050341587691534,0.4039679594539899
2022-11-01,0.0200950069044807,0.40421879542223305
2022-11-02,0.02094735894498305,0.40356954523482474
2022-11-03,0.02079320567864487,0.4027848868865496
2022-11-04,0.020057112898973505,0.4082748676970683
2022-11-07,0.019496339722541705,0.4075140465410858
2022-11-08,0.016316684915710106,0.402729339771627
2022-11-09,0.01645520051714961,0.40443456515636783
2022-11-10,0.018176991297341544,0.42290446900648454
2022-11-11,0.01845027032472802,0.4220897689340163
2022-11-14,0.018292624378906774,0.422313900644315
2022-11-15,0.01849224826727787,0.42215944258235905
2022-11-16,0.01930895367614957,0.42247073145382946
2022-11-17,0.01912533892420802,0.4226979169565358
2022-11-18,0.019132414271029758,0.4233941497671523
2022-11-21,0.019106402559615075,0.42483256250921025
2022-11-22,0.01867746659503953,0.423797224496756
2022-11-23,0.019063344777715523,0.4256868373085343
2022-11-25,0.019071131222645782,0.4259779059766005
2022-11-28,0.016190784860390956,0.43446223550702
2022-11-29,0.01628101456440784,0.43474469633944385
2022-11-30,0.01569644849039157,0.4385694845151645
2022-12-01,0.014871626757608674,0.43946197780776497
2022-12-02,0.014733173862309814,0.44081288178913947
2022-12-05,0.015187052106775331,0.44352903145852746
2022-12-06,0.015147413167326368,0.4449292432978056
2022-12-07,0.01477619901554929,0.44610466249343617
2022-12-08,0.01454571723891086,0.44653761509947365
2022-12-09,0.014602454590483729,0.445091279981027
2022-12-12,0.0146233938378361,0.4449869895074456
2022-12-13,0.014557826389960308,0.44773885817348646
2022-12-14,0.015118353748547269,0.44693910942818277
2022-12-15,0.015585124637820656,0.44950977260138647
2022-12-16,0.016014597809321962,0.45085506962755467
2022-12-19,0.016199813494845318,0.4508043933657405
2022-12-20,0.016206677904686415,0.45234846558573016
2022-12-21,0.016341749800387405,0.451811415915279
2022-12-22,0.016010573992958195,0.4521226935553013
2022-12-23,0.015851111233672784,0.4517323073225499
2022-12-27,0.015894836967055966,0.4516757647773816
2022-12-28,0.01598278584245773,0.4524668149555617
2022-12-29,0.015426874771109201,0.4536427249673834
2022-12-30,0.01532864728416038,0.45371855659130994
2023-01-03,0.016588194732811406,0.4527636181926611
2023-01-04,0.01691206723222392,0.4546637241571612
2023-01-05,0.01691030157626087,0.455294600424715
2023-01-06,0.016864231516169986,0.45812118636924765
2023-01-09,0.01660467052038181,0.4579379669336772
2023-01-10,0.015720995619475035,0.4590274635709757
2023-01-11,0.016478661757706233,0.45900912881490125
2023-01-12,0.016217248869282726,0.4590228850998621
2023-01-13,0.016742503914595894,0.4589511805546887
2023-01-17,0.016636856821861307,0.45732119571233687
2023-01-18,0.01670683551279969,0.4579045190610876
2023-01-19,0.01638815902307768,0.45678710956550617
2023-01-20,0.017662994615594858,0.45857808532170713
2023-01-23,0.017742411962899256,0.4577001624924241
2023-01-24,0.0168148271676832,0.4555975137469121
2023-01-25,0.016701721522887483,0.45617838691076446
2023-01-26,0.016838938643901888,0.4563368811474015
2023-01-27,0.01690420871814706,0.4562922335945701
2023-01-30,0.016526230310129713,0.45724427135220513
2023-01-31,0.016926494586768273,0.4579947968293837
2023-02-01,0.017088658711632204,0.45670984043000284
2023-02-02,0.017345221303230133,0.4546798581512624
2023-02-03,0.01758173678147686,0.4554903646410436
2023-02-06,0.017437563780756095,0.4579493331202287
2023-02-07,0.017315494258162034,0.45915488929915277
2023-02-08,0.017456772303841933,0.4593105281563888
2023-02-09,0.017910301809729853,0.459846725947909
2023-02-10,0.017909443647558553,0.4591508419149587
2023-02-13,0.017434048193333433,0.4594497407501072
2023-02-14,0.017705025417232338,0.45890765693103636
2023-02-15,0.016925455833903078,0.4567751139138352
2023-02-16,0.01754769603698612,0.4558304159324279
2023-02-17,0.017182886811482494,0.4556861042019525
2023-02-21,0.018390255924265693,0.4576976042134063
2023-02-22,0.018282530992067947,0.4575231328002351
2023-02-23,0.018401254484083456,0.45723181488847087
2023-02-24,0.018633178286182057,0.4580427129977509
2023-02-27,0.016369458857605775,0.460330716220545
2023-02-28,0.01729458872239895,0.46213822416373157
2023-03-01,0.015190881356407046,0.46484950096565875
2023-03-02,0.013846499403776035,0.4677022074541557
2023-03-03,0.013431562625964807,0.46747599525731803
2023-03-06,0.013671750254918699,0.46788975778591846
2023-03-07,0.014993285967741314,0.47056368867753584
2023-03-08,0.016224173235241997,0.47208564454800517
2023-03-09,0.016291292058906195,0.4702173042831986
2023-03-10,0.018743350109167018,0.4710414888480049
2023-03-13,0.021224579811217656,0.469901950166898
2023-03-14,0.021055632136405905,0.4688134215893939
2023-03-15,0.022462551266124238,0.46816008511030477
2023-03-16,0.023255022605087296,0.4702634938702638
2023-03-17,0.025564449294196594,0.46632729437548337
2023-03-20,0.0254740987952565,0.4655312955812665
2023-03-21,0.02529463725392167,0.46346089510077654
2023-03-22,0.026168219111250193,0.4618408369454454
2023-03-23,0.02814919478973405,0.4617728965214391
2023-03-24,0.028340903102117888,0.46188785641520136
2023-03-27,0.02874521909009436,0.4601825014136138
2023-03-28,0.02859614282455638,0.4604397863271921
2023-03-29,0.028904996560091007,0.46099371741368433
2023-03-30,0.029273202605850996,0.4621893903864513
2023-03-31,0.029484064996017672,0.4622931591412499
2023-04-03,0.029821790485706417,0.46214651423802217
2023-04-04,0.030160665851595107,0.46276231580298877
2023-04-05,0.029745468588001273,0.46278728098322147
2023-04-06,0.02979811400585374,0.4615800038588999
2023-04-10,0.02963084553881285,0.4591496853138396
2023-04-11,0.029405434506076883,0.45893458345946103
2023-04-12,0.029557980363430766,0.4587936931389831
2023-04-13,0.02995749976598506,0.459717361996364
2023-04-14,0.029342618924541777,0.45888358258052875
2023-04-17,0.02929671485360247,0.4575196177857124
2023-04-18,0.02921247323109916,0.4566225150607162
2023-04-19,0.029161460155693035,0.45646667837864235
2023-04-20,0.029644298258464513,0.4575510969856297
2023-04-21,0.029448820423134996,0.45772794099431624
2023-04-24,0.029495533667799355,0.4569554338973661
2023-04-25,0.029327723208000773,0.45505755019133476
2023-04-26,0.029918345598822026,0.4566584038420482
2023-04-27,0.03070970818174586,0.4556760497811999
2023-04-28,0.03085967302387436,0.4563316441471665
2023-05-01,0.02980603300609668,0.45806913412364075
2023-05-02,0.030640256557653053,0.45951574938894496
2023-05-03,0.03143233254689094,0.46137930121847515
2023-05-04,0.031123314632116764,0.4613328856921835
2023-05-05,0.03138857005302241,0.456836927816897
2023-05-08,0.032804299162186516,0.45159125899133473
2023-05-09,0.03265277896481337,0.4518339674522724
2023-05-10,0.029100776812235187,0.44407925539441806
2023-05-11,0.029337327724425006,0.4450608440336524
2023-05-12,0.027995583393507505,0.4464213514695321
2023-05-15,0.028163812509546714,0.44697971723512414
2023-05-16,0.029156259607403995,0.4483775574515426
2023-05-17,0.028944101967035656,0.44820648485338727
2023-05-18,0.028973383330408622,0.4453608068370223
2023-05-19,0.029894213132548735,0.44075872478628253
2023-05-22,0.03054061686229223,0.44032673982066084
2023-05-23,0.030623107826042457,0.43976887808039533
2023-05-24,0.030770563212969643,0.4405981427193408
2023-05-25,0.031036789089042786,0.4409723989164484
2023-05-26,0.031223713052099915,0.44191859234548214
2023-05-30,0.03252638693275779,0.44436429319521775
2023-05-31,0.033813734364261966,0.4466548884431988
2023-06-01,0.03580869837200578,0.4500525236229028
2023-06-02,0.035566649273355455,0.44843595133157266
2023-06-05,0.03541402432630499,0.4464024375691698
2023-06-06,0.03436401017107693,0.44533550002833977
2023-06-07,0.034934952401613435,0.44653009736991356
2023-06-08,0.03506453758612545,0.447286661777634
2023-06-09,0.03515059218335737,0.4473605420916836
2023-06-12,0.03567019844283427,0.44567514787162893
2023-06-13,0.03733923667019285,0.4457180732238345
2023-06-14,0.034621956656908974,0.41910302320645115
2023-06-15,0.034675626785648485,0.41882529401518187
2023-06-16,0.03480657403925834,0.41716858843669613
2023-06-20,0.030489391295438113,0.4226469665726029
2023-06-21,0.029190085657100868,0.42313728390113736
2023-06-22,0.029078695611948917,0.422611786703987
2023-06-23,0.028277483685387832,0.42296898530324584
2023-06-26,0.027357254676774686,0.42377669323789324
2023-06-27,0.027269842061816048,0.42313177854460776
2023-06-28,0.026599120115204055,0.4230539906725634
2023-06-29,0.02700208562876276,0.4211713205277701
2023-06-30,0.027337392411640956,0.4214915428690815
2023-07-03,0.026436848059874948,0.421519050345447
2023-07-05,0.026498412956615574,0.42321206498449615
2023-07-06,0.0258809755522112,0.4283760261511576
2023-07-07,0.02652059398132888,0.4297545344379737
2023-07-10,0.02563707716830596,0.42923385736958947
2023-07-11,0.025393458788854167,0.4296019325255736
2023-07-12,0.026050579882263575,0.42518086827661783
2023-07-13,0.025886122756538264,0.42472278725030355
2023-07-14,0.02632670922584016,0.42498643070918585
2023-07-17,0.02707945838341232,0.4267667764648624
2023-07-18,0.02750912942264284,0.4257212068277218
2023-07-19,0.0317312462695515,0.43467404258450565
2023-07-20,0.03246900931066666,0.43555164771923754
2023-07-21,0.03276680500822774,0.4362867173685329
2023-07-24,0.03252027462067123,0.43580337787752893
2023-07-25,0.03248822783719107,0.4367214571256838
2023-07-26,0.03229673229122337,0.4371955076265605
2023-07-27,0.03266933305365264,0.43771053128353965
2023-07-28,0.03180677901428237,0.4339313847280503
2023-07-31,0.03069422654630304,0.43194880057123736
2023-08-01,0.03062324950298085,0.43121026018748715
2023-08-02,0.030486434961509733,0.4329332089836053
2023-08-03,0.03037463509526726,0.43288364678071933
2023-08-04,0.031204755081402684,0.4341150275097248
2023-08-07,0.031503423327023924,0.4341849197829129
2023-08-08,0.031627608417092036,0.4363825469921588
2023-08-09,0.031852718628624946,0.43643865315551666
2023-08-10,0.03189545005469816,0.43661155284062286
2023-08-11,0.033188167686020106,0.4321751590575487
2023-08-14,0.03338836630847558,0.43195895018893904
2023-08-15,0.03167120656054882,0.4327182159140927
2023-08-16,0.03182179323112858,0.4335867284077098
2023-08-17,0.03203172570798808,0.4351788575328343
2023-08-18,0.031673811540613016,0.43428896878347356
2023-08-21,0.031428791842557,0.43501573927532755
2023-08-22,0.03136175722944644,0.43127686058709874
2023-08-23,0.032398187294247593,0.4328652599442682
2023-08-24,0.03208923599118784,0.433839215905796
2023-08-25,0.0321312924962502,0.4332268989395286
2023-08-28,0.03202416280951409,0.4325000384145065
2023-08-29,0.031226521922649124,0.42580835541965306
2023-08-30,0.03157707335730455,0.4259695188441861
2023-08-31,0.030525373511264203,0.4252972979553347
2023-09-01,0.030746192468204498,0.4252992295358573
2023-09-05,0.03078805404636727,0.4264872533926294
2023-09-06,0.0308716304859982,0.42742088811387047
2023-09-07,0.031233950985955765,0.4259686094796852
2023-09-08,0.03128102106967704,0.4232328255721971
2023-09-11,0.030892672262060182,0.42188936562029705
2023-09-12,0.03029065175107873,0.41853530580120657
2023-09-13,0.02964805314481766,0.41892009431699373
2023-09-14,0.029369934580562567,0.4021725062729024
2023-09-15,0.02915314650594191,0.4013412186350151
2023-09-18,0.02628733359075537,0.3995487387274568
2023-09-19,0.02629100215150651,0.39967739852256134
2023-09-20,0.026194135925702196,0.3998148146040746
2023-09-21,0.026089041004447294,0.40092229377472016
2023-09-22,0.02619834606809909,0.3999810045619886
2023-09-25,0.026821743989837086,0.4023105626403462
2023-09-26,0.026693983814070246,0.40043590753068964
2023-09-27,0.026809714882901292,0.39850439319363673
2023-09-28,0.026459588020091622,0.39857809832359287
2023-09-29,0.026896915712321418,0.3949285810027239
2023-10-02,0.027077485773907117,0.3956480140632406
2023-10-03,0.02638747112315182,0.39676267161627393
2023-10-04,0.025920596871525137,0.3954450784794489
2023-10-05,0.026002504506123677,0.38961569767622223
2023-10-06,0.025947815931049747,0.39133548552895736
2023-10-09,0.025140139900852083,0.3900220793102096
2023-10-10,0.02445117252903092,0.38881368528140914
2023-10-11,0.023593467645906578,0.3863160578641801
2023-10-12,0.023836853365926752,0.38723490586121595
2023-10-13,0.02521359266915653,0.3826917819556218
2023-10-16,0.025332277051593216,0.3842140816769639
2023-10-17,0.024877019469087783,0.38307547157286836
2023-10-18,0.02399472125052115,0.379810210259096
2023-10-19,0.024280627207573693,0.3795225093252931
2023-10-20,0.02325063882030463,0.376670246529475
2023-10-23,0.02016844917617872,0.3762752597280498
2023-10-24,0.020387775784965385,0.37408981347027026
2023-10-25,0.01920612066551048,0.37352026770237207
2023-10-26,0.019311181022029972,0.36985325108220113
2023-10-27,0.0201655892874187,0.3726907557295914
2023-10-30,0.019996719335883775,0.37263715459811114
2023-10-31,0.021077896075337686,0.37363502091137507
2023-11-01,0.02108949112882605,0.373570951146689
2023-11-02,0.020398768604866113,0.3727962787535283
2023-11-03,0.018115684516667965,0.3742011848225551
2023-11-06,0.01807539491780343,0.3740014581889624
2023-11-07,0.01777314804643159,0.36723373333810133
2023-11-08,0.018041965296130037,0.36895631114977734
2023-11-09,0.02310081471425579,0.37418740134862205
2023-11-10,0.019427707690473268,0.36583986334411334
2023-11-13,0.011103750068204018,0.3289195399169697
2023-11-14,0.00952396493209589,0.32842420872894923
2023-11-15,0.010181215130971207,0.3260124748345701
2023-11-16,0.008731070429595297,0.32490083518836854
2023-11-17,0.007720338929204053,0.3249454197180537
2023-11-20,0.00752638401792662,0.32526508088601463
2023-11-21,0.007008860976428015,0.32449747308509214
2023-11-22,0.006163585374671964,0.32116888495817303
2023-11-24,0.00647927219057158,0.31959165652792293
2023-11-27,0.006816979447865135,0.31747878753707515
2023-11-28,0.006911280292616366,0.31802555854467784
2023-11-29,0.0070445160402905285,0.3146376153741811
2023-11-30,0.007349873748810253,0.31475965482473944
2023-12-01,0.007264765082317097,0.31012251216716186
2023-12-04,0.005470747231375039,0.30625790648942547
2023-12-05,0.005371452855825533,0.30554172858676687
2023-12-06,0.005112567860657182,0.3012041681676713
2023-12-07,0.005254035673196287,0.30117168070334516
2023-12-08,0.004946818975033485,0.3013609414439574
2023-12-11,0.004712640664529225,0.30048670994426363
2023-12-12,0.0047931534101082396,0.3003716491261216
2023-12-13,0.003727573617339839,0.30483963067683245
2023-12-14,0.00404392442939856,0.30147739915662025
2023-12-15,0.0023803619082380986,0.3023173386534173
2023-12-18,0.0009124020539895865,0.294629782714269
2023-12-19,-0.0001002246738352554,0.29432641321401
2023-12-20,-0.0015958235146438912,0.29328434088918304
2023-12-21,-0.0012026526136701939,0.292538182294504
2023-12-22,-0.001125190880821694,0.2934939135547075
2023-12-26,-0.0013812706238632698,0.29144910873433727
2023-12-27,-0.0018267200349702912,0.29264088678502675
2023-12-28,-0.0014923529948417088,0.2934216912657566
2023-12-29,-0.001507991433982204,0.2927007294965524
2024-01-02,-0.0015137727417003908,0.289133803368751
2024-01-03,2.1279492058738704e-06,0.29323545577784327
2024-01-04,-0.0012552970259049744,0.2934957154875109
2024-01-05,-0.001163406284179334,0.2923290194956806
2024-01-08,-0.0008722052112029284,0.2924986170789164
2024-01-09,-0.0004856261756797798,0.29158096426212327
2024-01-10,-0.0009280000182554331,0.2914883734963929
2024-01-11,-0.0009245661121940805,0.29144764747183405
2024-01-12,-0.00459772372107031,0.2896650312263187
2024-01-16,-0.0035969274869000886,0.28648697716701144
2024-01-17,-0.004106850897449893,0.2860359267252604
2024-01-18,-0.0051921627586827765,0.28642150106479086
2024-01-19,-0.006290975893258482,0.2858113576363402
2024-01-22,-0.005712805478194676,0.2855374621901528
2024-01-23,-0.009736755781208872,0.28153990552873603
2024-01-24,-0.009948869254536346,0.28199692610590477
2024-01-25,-0.010292856353003657,0.28246109860141855
2024-01-26,-0.010488074962474848,0.2820100244709954
2024-01-29,-0.008561665893798955,0.28204612463166495
2024-01-30,-0.008445735210154107,0.2818860906556444
2024-01-31,-0.008515938901875473,0.28182374637809576
2024-02-01,-0.008866518824551615,0.2819428851314883
2024-02-02,-0.007434764167041735,0.2775638565824898
2024-02-05,-0.00894314303344563,0.28076378807388586
2024-02-06,-0.009131272931577674,0.28288515370396083
2024-02-07,-0.008417158944654399,0.2812612263940222
2024-02-08,-0.009172612435365128,0.2799122137192952
2024-02-09,-0.008956930718750231,0.2793681034172713
2024-02-12,-0.010618065204844221,0.27538820025771965
2024-02-13,-0.01105327254999536,0.27617877155994686
2024-02-14,-0.010970514816853393,0.27856346433631834
2024-02-15,-0.01088691105898828,0.2785186007463743
2024-02-16,-0.011491387580709063,0.2807548410329384
2024-02-20,-0.012171020176972793,0.2775394611709019
2024-02-21,-0.011475670211586205,0.2782370632103397
2024-02-22,-0.011689450370795794,0.27539110610919526
2024-02-23,-0.01164635282090053,0.27459262505015114
2024-02-26,-0.012950185233504346,0.272428593626055
2024-02-27,-0.013531300417039102,0.2702749449871262
2024-02-28,-0.013790283446115685,0.26759198406169477
2024-02-29,-0.013928335040307504,0.26651408375066565
2024-03-01,-0.012380619727795084,0.26717960950650055
2024-03-04,-0.011211020332958607,0.2679364434716966
2024-03-05,-0.009471755857932498,0.2747231339681793
2024-03-06,-0.009068080926220834,0.2760215341008722
2024-03-07,-0.008546300325945364,0.27534125539792653
2024-03-08,-0.009008153258258773,0.2755929607396211
2024-03-11,-0.009203967760407031,0.269866327042154
2024-03-12,-0.009112157886407018,0.26941370331613046
2024-03-13,-0.014010606673292752,0.26279380968389343
2024-03-14,-0.01400365669068281,0.2630722891745477
2024-03-15,-0.01299922455824219,0.26247502001980727
2024-03-18,-0.013235978119250705,0.2585338705577266
2024-03-19,-0.01384512789851531,0.255857116657281
2024-03-20,-0.013368118094991867,0.26173897242385524
2024-03-21,-0.012558333663549833,0.25858732797319073
2024-03-22,-0.016382148023404045,0.26232786531652447
2024-03-25,-0.02058048342638567,0.26179999446288604
2024-03-26,-0.02026432796282869,0.26215743898372007
2024-03-27,-0.023101701155599126,0.26183824766696967
2024-03-28,-0.022135422491713415,0.2619149453128853
2024-04-01,-0.02281383857850841,0.26184393232008024
2024-04-02,-0.02275539256852963,0.2639631594759414
2024-04-03,-0.023786837788316615,0.26480574611376845
2024-04-04,-0.024366134531225398,0.2628030782030549
2024-04-05,-0.02300527198516937,0.26209987684957897
2024-04-08,-0.023904980346181645,0.262681746797385
2024-04-09,-0.02418165649209813,0.2623192455105353
2024-04-10,-0.024569513620555858,0.26345814169139636
2024-04-11,-0.024538132633697633,0.26357901123994576
2024-04-12,-0.02612275802532063,0.27243208560487775
2024-04-15,-0.026615184021231583,0.2728788275289026
2024-04-16,-0.02628001414081449,0.273246639033142
2024-04-17,-0.022470068825253417,0.2728319569194019
2024-04-18,-0.022478697323012158,0.2720932752045049
2024-04-19,-0.023843612513285824,0.27195094715696666
2024-04-22,-0.02526318190264164,0.27416968754328386
2024-04-23,-0.027402959789177717,0.2749454909568534
2024-04-24,-0.02754348749812535,0.2754115802996098
2024-04-25,-0.026051012251217812,0.2754952841557305
2024-04-26,-0.026119473427937107,0.2743681770462918
2024-04-29,-0.027075324405572174,0.2730424019698826
2024-04-30,-0.02282283264760557,0.2797207947556774
2024-05-01,-0.021491823344379237,0.2781509395040081
2024-05-02,-0.02134793133209137,0.2810387380498871
2024-05-03,-0.021048373644854575,0.28565014504683867
2024-05-06,-0.020410022382616383,0.28523087956406046
2024-05-07,-0.0189030956871108,0.2850900437486793
2024-05-08,-0.018407514149822092,0.2855237913596107
2024-05-09,-0.018246175494785157,0.2863468611971682
2024-05-10,-0.018959136655623286,0.28621655958054404
2024-05-13,-0.019110927128105908,0.28515101466718334
2024-05-14,-0.019435655871899243,0.28486580768280423
2024-05-15,-0.018640982261595208,0.29097978519782236
2024-05-16,-0.018320158842090317,0.2906484236484385
2024-05-17,-0.018034909163320106,0.29184466695562117
2024-05-20,-0.014642872124180669,0.29295700292450644
2024-05-21,-0.01481132709757789,0.2930523058180638
2024-05-22,-0.01466071867658811,0.29417805647774997
2024-05-23,-0.01361295705634609,0.2951281235424077
2024-05-24,-0.01356895084043294,0.2924870474917099
2024-05-28,-0.012229357590071882,0.29307507390286003
2024-05-29,-0.012389543997474035,0.2952509822520024
2024-05-30,-0.012070870773936482,0.2941673458096437
2024-05-31,-0.011191098893164267,0.2916755500206801
2024-06-03,-0.011547224625484586,0.290965268466399
2024-06-04,-0.011339150607438111,0.2930848440416134
2024-06-05,-0.01017755694769819,0.2936735199185698
2024-06-06,-0.010348438931142758,0.2930934955388135
2024-06-07,-0.011973566198620963,0.29329394161154587
2024-06-10,-0.01147284076942644,0.29198506042052474
2024-06-11,-0.011997146300887471,0.2913033509756642
2024-06-12,-0.011391838258270358,0.2963340165491028
2024-06-13,-0.011430269666950038,0.2970872451294372
2024-06-14,-0.01146631204451357,0.29764623616974484
2024-06-17,-0.011716313205514957,0.2977138756863673
2024-06-18,-0.0115754304274124,0.29843169011360166
2024-06-20,-0.010325734055654996,0.30005988529451905
2024-06-21,-0.008936902110574666,0.3023265386933186
2024-06-24,-0.0072628372095167116,0.3022199075400528
2024-06-25,-0.007095471099871237,0.30254454573544454
2024-06-26,-0.0074124074351547345,0.30242174498267466
2024-06-27,-0.007081934229951958,0.3030010461918067
2024-06-28,-0.00660859377516681,0.30337341299175646
2024-07-01,-0.006800281682707491,0.3039762821113734
2024-07-02,-0.00744991683266019,0.30255940791307057
2024-07-03,-0.00832621221076504,0.3012224601477448
2024-07-05,-0.00989561832066837,0.2961927028558651
2024-07-08,-0.010757191367887622,0.2948987464650909
2024-07-09,-0.011040536279841631,0.2953447039534736
2024-07-10,-0.010401414985730733,0.29511683905799646
2024-07-11,-0.01036725728498453,0.29175708343876694
2024-07-12,-0.010764578457128374,0.2905655896905294
2024-07-15,-0.007291396964464057,0.2861655757240163
2024-07-16,-0.007414391778580033,0.28573601786829916
2024-07-17,-0.005180011808141348,0.2849843315041123
2024-07-18,-0.005367257896844999,0.2857686067281612
2024-07-19,-0.00649621599545593,0.28606808725384764
2024-07-22,-0.006617576804359262,0.28464583603622784
2024-07-23,-0.006836215096040625,0.28468328340447063
2024-07-24,-0.0072616182523480115,0.28583633628346916
2024-07-25,-0.005274098296453028,0.28743194497562047
2024-07-26,-0.005394739033217683,0.28980403069452904
2024-07-29,-0.0052701996011865,0.28733612868506964
2024-07-30,-0.005511910820248963,0.28577944305585035
2024-07-31,-0.00685959646582441,0.28593807385813474
2024-08-01,-0.007370820788095021,0.28554005063760435
2024-08-02,-0.0019556854360565723,0.27941902317015943
2024-08-05,0.002798943650987564,0.2970884149320936
2024-08-06,0.0046951178082495475,0.29374802257211563
2024-08-07,0.005171814744973978,0.29500593715528917
2024-08-08,0.01124469726494152,0.30654098787834017
2024-08-09,0.011540248016743061,0.30505845875379894
2024-08-12,0.01130201272143352,0.3043990026698124
2024-08-13,0.010153789394265434,0.30640266540315764
2024-08-14,0.011395213228438793,0.30551945477651893
2024-08-15,0.010781840284303216,0.3018956092206501
2024-08-16,0.010209304008224833,0.30205102812911205
2024-08-19,0.00824497408308124,0.299671549177653
2024-08-20,0.008063574228233863,0.2991124526175509
2024-08-21,0.007863899369907884,0.29925404314317194
2024-08-22,0.007750684059088959,0.30183602574162766
2024-08-23,0.006946314679342516,0.3060527408699247
2024-08-26,0.007603645514044714,0.3045607138878186
2024-08-27,0.008960775342347235,0.3035784374032968
2024-08-28,0.008722428309110108,0.30431169461988006
2024-08-29,0.007969461902793261,0.29951095496260977
2024-08-30,0.007401648804837515,0.29828556773922404
2024-09-03,0.007523303681885011,0.3016007624955527
2024-09-04,0.007577985633037375,0.3016169964503579
2024-09-05,0.008239453130722265,0.29991712681932275
2024-09-06,0.009986527339681412,0.3040249608710268
2024-09-09,0.011276068490756793,0.30477811158496565
2024-09-10,0.011412520933793495,0.30502143928299247
2024-09-11,0.011298423412754005,0.305270545788042
2024-09-12,0.011843687813386326,0.3070939017872015
2024-09-13,0.01213616224472411,0.30876342293832704
2024-09-16,0.012147815197141799,0.3093305950858592
2024-09-17,0.012553226080158852,0.3100053986556639
2024-09-18,0.012447788199174642,0.3096630917270468
2024-09-19,0.013278534230210262,0.31129909901763886
2024-09-20,0.01343601566174048,0.3113097118428445
2024-09-23,0.012974933063810624,0.30720225128358697
2024-09-24,0.012871931957205887,0.3079322101763366
2024-09-25,0.012723992982270156,0.3084028416200566
2024-09-26,0.012919135107917548,0.3074998834262709
2024-09-27,0.013048173997302797,0.3073303966155324
2024-09-30,0.013011808592603771,0.30695582697817997
2024-10-01,0.011961709424599069,0.30837641673278277
2024-10-02,0.011878955982099367,0.3092618924747746
2024-10-03,0.012368920421669533,0.30849737375880343
2024-10-04,0.013106832661596714,0.3074976116314717
2024-10-07,0.012343910240020604,0.3077025585220583
2024-10-08,0.01171140690190715,0.3050435890587175
2024-10-09,0.01170474952018666,0.3051082014750007
2024-10-10,0.011735768423962909,0.3049779916893285
2024-10-11,0.012308223930647618,0.30612529554774914
2024-10-14,0.013559868854227627,0.3039904744438521
2024-10-15,0.01292497300468197,0.307197446138257
2024-10-16,0.01366469391456397,0.30538676198577697
2024-10-17,0.013651918219456898,0.30508476836292814
2024-10-18,0.014739427820155308,0.3075796992450659
2024-10-21,0.014967919105884445,0.30882102445583637
2024-10-22,0.015841917965689557,0.3107454266183999
2024-10-23,0.018954072473119896,0.3137537722988231
2024-10-24,0.018222304560566033,0.3156874356402866
2024-10-25,0.019129866589512195,0.3169399776520763
2024-10-28,0.019220045074386127,0.31734824361553704
2024-10-29,0.0195850843471067,0.31798236499732735
2024-10-30,0.01977814860008042,0.31610194876504805
2024-10-31,0.022883399213541208,0.3225185211258643
2024-11-01,0.022775646649474176,0.3225836589426345
2024-11-04,0.02522305300013636,0.32272661924391693
2024-11-05,0.025251126865781643,0.32295345353347515
2024-11-06,0.027123606018035186,0.30937022787018176
2024-11-07,0.02683158263866853,0.31229494188363816
2024-11-08,0.026801334956653954,0.3120282676829452
2024-11-11,0.023954251105396136,0.30908993043448346
2024-11-12,0.025212458813043036,0.31171050035500825
2024-11-13,0.02508204388976219,0.31180052668080727
2024-11-14,0.02801684681468476,0.3129470043345019
2024-11-15,0.026537185690579765,0.31163712189574566
2024-11-18,0.02694094312907996,0.3131027013372718
2024-11-19,0.02663285343089691,0.3124757270213539
2024-11-20,0.02735717668006311,0.31126239865881605
2024-11-21,0.028785607042550964,0.31086512096522484
2024-11-22,0.028850285620933485,0.31057044316620125
2024-11-25,0.031403945872506264,0.3071134795304703
2024-11-26,0.031124804010484335,0.3067156751423705
2024-11-27,0.0296599774993447,0.3056472496127701
2024-11-29,0.02947040054840782,0.30597236279136925
2024-12-02,0.02929009501675861,0.3055266438862493
2024-12-03,0.029049843598499846,0.3044237646633705
2024-12-04,0.032192441097488075,0.30836953634014597
2024-12-05,0.03366392399061589,0.3083381996783158
2024-12-06,0.034187847128882176,0.3084534297320364
2024-12-09,0.03415062058578205,0.3084570044974602
2024-12-10,0.03421969248047716,0.30902693039827694
2024-12-11,0.036780382926958156,0.309914149362
2024-12-12,0.03686539441279786,0.31072528106435215
2024-12-13,0.037757813587426615,0.30871848485270653
2024-12-16,0.039002951964350586,0.3074652116030615
2024-12-17,0.039429086331830794,0.3075104183399244
2024-12-18,0.03877739223793369,0.32140131030194763
2024-12-19,0.04105383630882539,0.32041056957212743
2024-12-20,0.04276248096264122,0.3239524956309888
2024-12-23,0.04283019441773427,0.32207765300549546
2024-12-24,0.043235584505306346,0.3220963898636865
2024-12-26,0.04315879566207135,0.322356064793853
2024-12-27,0.044339975704128246,0.3215366519872175
2024-12-30,0.044238514690463186,0.3217934395843644
2024-12-31,0.04354976851149752,0.3209867224523114
2025-01-02,0.04573987522790186,0.32159134629804764
2025-01-03,0.04362753121230693,0.31875493358340207
2025-01-06,0.043315646929362864,0.3198700194134262
2025-01-07,0.04268632695534213,0.32184943447137515
2025-01-08,0.042904508293351226,0.32201120387704646
2025-01-10,0.041548707895896916,0.32098372206614817
2025-01-13,0.042279974758313604,0.3215911283808647
2025-01-14,0.04203950195628413,0.3218268197488673
2025-01-15,0.04441763493154516,0.32828276378586646
2025-01-16,0.04407428476600007,0.3271061018168434
2025-01-17,0.04494510571555207,0.3255776493646923
2025-01-21,0.045575206749858176,0.3264419395969511
2025-01-22,0.04546672904759368,0.3250713411062408
2025-01-23,0.04540435826580029,0.3255981176321324
2025-01-24,0.04584474729651059,0.32549678218766115
2025-01-27,0.047337845561241335,0.32891273173593616
2025-01-28,0.047078868404425954,0.3272793030718022
2025-01-29,0.04724309469562299,0.32734397164862566
2025-01-30,0.04629051690585711,0.3284873464403194
2025-01-31,0.045834223052942255,0.3293312972255765
2025-02-03,0.0439881612471229,0.3316481783599215
2025-02-04,0.04417104974554525,0.329702310897372
2025-02-05,0.043831387316816066,0.3319824844226603
2025-02-06,0.0438223674647288,0.33127065078832324
2025-02-07,0.043476304704485456,0.3313532297967748
2025-02-10,0.04426415668919267,0.33112714093871753
2025-02-11,0.0447307693198342,0.33094234914760934
2025-02-12,0.04438455296836093,0.33076314088035574
2025-02-13,0.0436874907582993,0.3322020282415475
2025-02-14,0.045002114735590286,0.3278884980918703
2025-02-18,0.0453232246897215,0.32588924458990187
2025-02-19,0.04542406480966691,0.3253198534739917
2025-02-20,0.0453720445802986,0.32484519949549806
2025-02-21,0.045717213044252386,0.3284815299234892
2025-02-24,0.045923644152680736,0.3288704775462037
2025-02-25,0.04867881746806126,0.33112936206337845
2025-02-26,0.04831799150910987,0.3307487516029842
2025-02-27,0.04822339535292428,0.33529009044194136
2025-02-28,0.046888986166748005,0.33228054364230025
2025-03-03,0.046407626506304034,0.32881844720675796
2025-03-04,0.04652228832349209,0.32748454700526075
2025-03-05,0.04628426522557878,0.3264109032830431
2025-03-06,0.0492051573584428,0.3213485512460724
2025-03-07,0.04949996641211364,0.320590718110798
2025-03-10,0.05359983704705047,0.3274030559165319
2025-03-11,0.0530378288248843,0.3261807658151885
2025-03-12,0.05363634207530198,0.32696989795129944
2025-03-13,0.05278106880390234,0.32677461972688393
2025-03-14,0.05342672437933965,0.32975167322619175
2025-03-17,0.05352690014976071,0.3302023103238622
2025-03-18,0.05325329828689684,0.3277736859825069
2025-03-19,0.05329084391983807,0.3276886872287336
2025-03-20,0.053725577638631415,0.32899144087426496
2025-03-21,0.05472597005110885,0.3309569219977522
2025-03-24,0.05592512504363899,0.3290805761371371
2025-03-25,0.05622327203048282,0.32987438138391
2025-03-26,0.05600864997835269,0.3300209060062357
2025-03-27,0.05660780531886082,0.33078822376324296
2025-03-28,0.05618783633542589,0.3307732991936434
2025-03-31,0.056007834770443875,0.33050397544595556
2025-04-01,0.05563460301025381,0.3306550213244904
2025-04-02,0.05497005746336617,0.3295708963088063
2025-04-03,0.05785002965576379,0.32131667469012004
2025-04-04,0.0518215394794039,0.32266938495562886
2025-04-07,0.052728159440523704,0.3253878683214966
2025-04-08,0.05288551139876379,0.32543458608668224
2025-04-09,0.06228260393359696,0.3444688271747361
2025-04-10,0.06284173913155502,0.34416716510990114
2025-04-11,0.0623368748148429,0.3456356972087112
2025-04-14,0.06271826733104875,0.3450493615921455
2025-04-15,0.0635574014460248,0.34452952247101193
2025-04-16,0.06141790197766839,0.3424234394879764
2025-04-17,0.061669132292238235,0.34219745852476535
2025-04-21,0.05785779554639273,0.34019333179872346
2025-04-22,0.06082932424703248,0.34430770409351
2025-04-23,0.058905680057331246,0.3437637915429607
2025-04-24,0.05954633531753452,0.34579073061400695
2025-04-25,0.05952547617065079,0.3461403010228941
2025-04-28,0.059501332132287,0.3463577818808945
2025-04-29,0.059286168418997885,0.3464541731022968
2025-04-30,0.05936418933373756,0.3468014620343832
2025-05-01,0.05837161534018238,0.34653131575371876
2025-05-02,0.0571693457693481,0.34440608483503155
2025-05-05,0.056177496836194246,0.34347615291389033
2025-05-06,0.05570147206187107,0.34342411443004317
2025-05-07,0.05584021534168946,0.3434072869606969
2025-05-08,0.05391895500472917,0.34205630416949595
2025-05-09,0.053636117879121835,0.3418705473972879
2025-05-12,0.05130702500301975,0.3424607669589568
2025-05-13,0.050718629095325714,0.3413002673379976
2025-05-14,0.05123133195733566,0.3419359474362517
2025-05-15,0.05131791428018412,0.34254831419639914
2025-05-16,0.05140897472900204,0.3426780459799787
2025-05-19,0.051363951113026426,0.34203666758242207
2025-05-20,0.051055061220615455,0.34189243655439006
2025-05-21,0.05034890626724157,0.34107975077084063
2025-05-22,0.04942151533464766,0.3433935520031481
2025-05-23,0.04924678129428424,0.3449883963077112
2025-05-27,0.04850648940447907,0.3453536662763509
2025-05-28,0.04815628817014505,0.34466202144952146
2025-05-29,0.04815376775958059,0.3451149063434024
2025-05-30,0.04821965555874824,0.34538043193540513
2025-06-02,0.04833071249406244,0.3454511601844982
2025-06-03,0.048150159183855,0.3455056384067397
2025-06-04,0.047719940765861904,0.3461292106916671
2025-06-05,0.04842584600485682,0.34655600974483586
2025-06-06,0.048583741910248536,0.34746664574760305
2025-06-09,0.04777827746862605,0.3459471428644437
2025-06-10,0.047683052632007866,0.3459056511971103
2025-06-11,0.047994370468692316,0.34663623666977283
2025-06-12,0.047303095703102246,0.34706004767697557
2025-06-13,0.047542204441588444,0.34643087791784216
2025-06-16,0.04754311517228731,0.34540649411800944
2025-06-17,0.04742863601381225,0.34480165245914773
2025-06-18,0.047230084320830285,0.3454055856637484
2025-06-20,0.04788068488081504,0.3459809180186921
2025-06-23,0.047838791397723665,0.34604838173282654
2025-06-24,0.047742748237590296,0.3445286594484549
2025-06-25,0.04764286300498407,0.3443329178457188
2025-06-26,0.04705628283545772,0.3437204047970924
2025-06-27,0.046928075134597146,0.34353099400239034
2025-06-30,0.04694738498245447,0.34335346700900826
2025-07-01,0.04667658639490703,0.3432474027146831
2025-07-02,0.0468453211857188,0.34315257128770993
2025-07-03,0.04688213908903271,0.34330441430451214
2025-07-07,0.046871807505797336,0.3434207690308588
2025-07-08,0.047388248536571906,0.3436504536343422
2025-07-09,0.0487069634477631,0.34470630382220124
2025-07-10,0.04897241836554695,0.34464794299477136
2025-07-11,0.04903817574821902,0.3443070968927611
2025-07-14,0.04915582359341482,0.3444969432505155
2025-07-15,0.049056018847116585,0.34458441517183436
2025-07-16,0.04893864806025215,0.3442188647999653
2025-07-17,0.04800311975430606,0.34671296767742066
2025-07-18,0.047749629942063845,0.3465779672832661
2025-07-21,0.04652271006882595,0.3445247358874127
2025-07-22,0.046373508322657284,0.3448999897446325
2025-07-23,0.047492964944939875,0.34433469721328713
2025-07-24,0.04761837322516208,0.3449420889887333
2025-07-25,0.04771806234781121,0.3453049451787598
2025-07-28,0.048004693618062796,0.34512430063259025
2025-07-29,0.04708774033185097,0.34520835360743884
2025-07-30,0.04633605030598992,0.344260045873231
2025-07-31,0.04640608605989839,0.3444054266266822
2025-08-01,0.04690891882592674,0.34813712872862324
2025-08-04,0.048327186459140706,0.35064168750661445
2025-08-05,0.04893850219638675,0.3517996072623115
2025-08-06,0.045795127515288477,0.34587365450029695
2025-08-07,0.04265721966386297,0.33546680938121665
2025-08-08,0.04144286023251104,0.33444554866273524
2025-08-11,0.040708875572227805,0.33368355950172174
2025-08-12,0.03681012430774719,0.3304783817456264
2025-08-13,0.036057698350067696,0.3315214040403888
2025-08-14,0.0360574377864574,0.33186793631256345
2025-08-15,0.037008358301083635,0.3334160286981791
2025-08-18,0.0358632015620168,0.33372078755348067
2025-08-19,0.037242978213466595,0.3354383204684686
2025-08-20,0.03713180792817935,0.33491154024528247
2025-08-21,0.03724933938222281,0.33518823482342563
2025-08-22,0.03599608802603916,0.3321771538576815
2025-08-25,0.0348739855349269,0.3307628814641281
2025-08-26,0.034980644943570526,0.3314876452908803
2025-08-27,0.03543437718781273,0.33260861175509415
2025-08-28,0.035386854276616406,0.33238821887692316
2025-08-29,0.034283031292483904,0.3341552426973177
2025-09-02,0.03537385121040798,0.3344980438585878
2025-09-03,0.0353300126267938,0.33439263767201033
2025-09-04,0.03544334919904081,0.33352279540735436
2025-09-05,0.03499404565520066,0.33356372977629595
2025-09-08,0.03499063351295862,0.3335818431742756
2025-09-09,0.03457098307010078,0.3340968810854543
2025-09-10,0.033430595983336135,0.3332774590451151
2025-09-11,0.03270478918422785,0.33149616485338357
2025-09-12,0.032520524870468685,0.331133747768749
2025-09-15,0.03272181807922368,0.33147055885234933
2025-09-16,0.03254116757621806,0.33184243267634156
2025-09-17,0.03228753247111647,0.331962638641127
2025-09-18,0.031778081105115596,0.3319771897994126
2025-09-19,0.031680383161044524,0.3318031235949481
2025-09-22,0.031027978289418542,0.33173321329056615
2025-09-23,0.030446921064681536,0.33177505761193804
2025-09-24,0.030258325792750347,0.33192810520793126
2025-09-25,0.029471978183902965,0.3308054982328267
2025-09-26,0.02952058963896344,0.33036112449202915
2025-09-29,0.030583130031689443,0.3302768167766577
2025-09-30,0.030616566478615485,0.3304907988091787
2025-10-01,0.03093283436851442,0.3310956559591311
2025-10-02,0.03131169856185345,0.331815508570305
2025-10-03,0.032093199940631034,0.3313812970877704
2025-10-06,0.03343147270874273,0.3315638002855475
2025-10-07,0.032672705262231254,0.3314199720329342
2025-10-08,0.033163632993722304,0.3299808738377019
2025-10-09,0.03295410597950892,0.3299319052092882
2025-10-10,0.0349332240506925,0.3383861726088433
2025-10-13,0.03840001075765728,0.3369970370981613
2025-10-14,0.03838707284437354,0.33762461315547865
2025-10-15,0.03775593951298833,0.33732541196268634
2025-10-16,0.03748571126942964,0.3376830424197254
2025-10-17,0.03974765204212941,0.3372757493583661
2025-10-20,0.041565710800781835,0.33635906282301165
2025-10-21,0.043282760479612804,0.33569756318172417
2025-10-22,0.04368564100303659,0.33583257300633934
2025-10-23,0.044238363057322413,0.3362185999407704
2025-10-24,0.04424636977759723,0.3364653575434992
2025-10-27,0.04293557264231471,0.3376809459042983
2025-10-28,0.04292319052304504,0.3375682063985044
2025-10-29,0.0428535690685856,0.3372534152357596
2025-10-30,0.042848841053900424,0.33697621819887746
2025-10-31,0.04276836754378464,0.33706137978768985
2025-11-03,0.042452211016247375,0.33614414924890484
2025-11-04,0.04156030247092453,0.33610844677985835
2025-11-05,0.041793129344540415,0.33623346539040894
2025-11-06,0.04204297838299435,0.3372422941982109
2025-11-07,0.04225042924174352,0.33749720290946544
2025-11-10,0.042987493741925814,0.32525463644164915
2025-11-11,0.04364476243656639,0.3255517369925754
2025-11-12,0.04348734102260533,0.32501927954308035
2025-11-13,0.048547718421766334,0.33515972367094427
2025-11-14,0.04949180782005658,0.33557055154702475
2025-11-17,0.049779172997518696,0.33643962394650234
2025-11-18,0.04930294411213631,0.335240263068642
2025-11-19,0.050103560875800604,0.3373977741525835
2025-11-20,0.05141603485046022,0.3395619549253895
2025-11-21,0.05138517479169544,0.3390357345683484
2025-11-24,0.05147588481861208,0.3412534075801506
2025-11-25,0.05057300121281155,0.3404915166456999
2025-11-26,0.05046172955409749,0.34136591142918093
2025-11-28,0.04906414186636494,0.3443278195639605
2025-12-01,0.0489878372561393,0.34440661526558525
2025-12-02,0.04960097632853746,0.3444568755484545
2025-12-03,0.04925793379204057,0.34423481275298135
2025-12-04,0.04948408388278321,0.34387856065597006
2025-12-05,0.04943613985544342,0.3434857081471622
2025-12-08,0.048823256242412176,0.342637590434682
2025-12-09,0.04823016066945442,0.34252919935335335
2025-12-10,0.048083766245024945,0.34164656548613487
2025-12-11,0.04841786603528263,0.3413912018703335
2025-12-12,0.04869740648602283,0.3421624371299089
2025-12-15,0.0469943981040658,0.34096561154431143
2025-12-16,0.04693441639528774,0.3407254600085711
2025-12-17,0.04666086841979071,0.3408236831178517
2025-12-18,0.04617969595532484,0.3416006162127863
2025-12-19,0.046565358873922005,0.34266723883043315
2025-12-22,0.045255662918508265,0.3460105702011317
2025-12-23,0.043386564229294766,0.3459153213502538
2025-12-24,0.04200855266729847,0.3491243292661953
2025-12-26,0.04226922240293549,0.3492942528428305
2025-12-29,0.04243500368098892,0.3475767762373524
2025-12-30,0.042823969137196397,0.3475899862168634
2025-12-31,0.042678443201062836,0.3475490534660459
2026-01-02,0.04258715610435991,0.3475346752824476
2026-01-05,0.04444282268430923,0.34879786372999094
2026-01-06,0.043572192233813686,0.35046767305519133
2026-01-07,0.04401374977275039,0.3511720732458701
2026-01-08,0.04460343900468909,0.35165506582986383
2026-01-09,0.045192808211309186,0.35100274531435394
2026-01-12,0.04576370334688596,0.3514328704117303
2026-01-13,0.04664530742929586,0.35132412843648764
2026-01-14,0.04645525360326747,0.35079115579955666
2026-01-15,0.04686730320719837,0.3509934206567725
2026-01-16,0.046129305623359186,0.3489094707425311
2026-01-20,0.04474210178233885,0.35366449830033403
2026-01-21,0.0444160604077734,0.35252039578828015
2026-01-22,0.04469796438217966,0.35334563803137603
2026-01-23,0.044915980294667174,0.35408003944560135
2026-01-26,0.04466196487999196,0.35403753782367914
2026-01-27,0.044143614064062815,0.3531523611149514
2026-01-28,0.043814121960196635,0.35220001215256674
2026-01-29,0.044181295767496555,0.35326233166257304
2026-01-30,0.046243454402775226,0.3516355779382574
2026-02-02,0.045217727318738514,0.3490373262126303
2026-02-03,0.04377528130277713,0.34813733534590846
2026-02-04,0.04539501443613157,0.3502283446725476
2026-02-05,0.04458375859861922,0.3551196918966103
2026-02-06,0.04704080978386058,0.3581869394454145
2026-02-09,0.04751182043872021,0.3565232826563638
2026-02-10,0.04815116793298105,0.3574653738744284
2026-02-11,0.04736566901786298,0.3566398044453236
2026-02-12,0.04737879571142154,0.35619281751080084
2026-02-13,0.047842459346703024,0.3565327221167836
2026-02-17,0.048399684332596025,0.35811381903430234
2026-02-18,0.04844221040905424,0.35833953069170893
2026-02-19,0.04844609734853552,0.35860228386855514
2026-02-20,0.0486300589396322,0.3589386732003958
2026-02-23,0.04801610525353547,0.3585516058922823
2026-02-24,0.04814802600486893,0.3585518810014386
2026-02-25,0.04811094513296453,0.35920553157973334
2026-02-26,0.04728298289420288,0.35892763787307674
2026-02-27,0.047592832064008474,0.3600374997769021
2026-03-02,0.0512576603609144,0.3605115279438357
2026-03-03,0.05160228995205666,0.36094811362788554
2026-03-04,0.05177939785572687,0.3606326191440231
2026-03-05,0.051843143120496746,0.3608932643009367
2026-03-06,0.051847017324813255,0.3609129145702347
2026-03-09,0.050196980793459,0.35890099328463165
2026-03-10,0.04983700803363886,0.36002104845240085
2026-03-11,0.04746597740697001,0.3549828657659066
2026-03-12,0.047946819800380555,0.3542322340348711
2026-03-13,0.04744229880217224,0.3538499911633891
2026-03-16,0.046005649326879325,0.35356733369417637
2026-03-17,0.04616670458873232,0.35270857185129423
2026-03-18,0.046280664770112376,0.35416972819882026
2026-03-19,0.05106215648327654,0.3534059189788323
2026-03-20,0.049964386405792226,0.35096222794230036
2026-03-23,0.0496742529178965,0.34858116117948684
2026-03-24,0.04952850942757398,0.34824035157295186
2026-03-25,0.04947614155856658,0.347026881740272
2026-03-26,0.05122427810090034,0.3496984696062117
2026-03-27,0.050552254858269495,0.3490872594430054
2026-03-30,0.050499400928972496,0.3484843923401081
2026-03-31,0.05029478970887683,0.3488995969796702
2026-04-01,0.05066293473366218,0.3496801085456715
2026-04-02,0.0506425395615416,0.3497678475045268
2026-04-06,0.05118923235142375,0.35090893357914216
2026-04-07,0.05002754283921746,0.346246324469154
2026-04-08,0.05494174479947135,0.35471274116604823
2026-04-09,0.05530419441065638,0.3550378115902005
2026-04-10,0.05448864467689778,0.3532414607455501
2026-04-13,0.05179280094292671,0.3494787709603389
2026-04-14,0.046506110141794454,0.3349979843190792
2026-04-15,0.047642204484872566,0.33510072259643964
2026-04-16,0.047022106332053934,0.335501340694701
2026-04-17,0.048005069785912936,0.3356217567217717
2026-04-20,0.049617246798725395,0.336166012012312
2026-04-21,0.04896266817286325,0.336422645663078
2026-04-22,0.05199616756245393,0.3398099054239072
2026-04-23,0.04752237190786397,0.34083719321281913
2026-04-24,0.04788510654122805,0.3445880293277532
2026-04-27,0.04949845188330336,0.34417766901744107
2026-04-28,0.05028454078545018,0.3451608354783905
2026-04-29,0.05036864353043236,0.34543445254889005
2026-04-30,0.05013487196769463,0.34712982839487616
2026-05-01,0.05053340875763035,0.34688492300877166
2026-05-04,0.05010550638869627,0.34826737867422697
2026-05-05,0.05070206009594952,0.3481628836692128
2026-05-06,0.051114296970688505,0.3499505437671594
2026-05-07,0.05194041063548033,0.35181591514936067
2026-05-08,0.05164635086408115,0.35224056794830205
2026-05-11,0.051473181361648634,0.36026682934602583
2026-05-12,0.05210172619207746,0.3609651647678353
2026-05-13,0.051988640301795085,0.3749565531873919
2026-05-14,0.05312092319414414,0.37255262394785993
2026-05-15,0.053655637698053246,0.37598692474102746
2026-05-18,0.05485841736248135,0.37552843761002236
2026-05-19,0.054899283350847525,0.37655673890977
2026-05-20,0.05495754329816359,0.3773197026361068
2026-05-21,0.05522669071921305,0.3777009957429622
2026-05-22,0.0561133586294167,0.38193441453731747
2026-05-26,0.05603197039422742,0.3823846989145374
2026-05-27,0.05587368382197981,0.3854320554412155
2026-05-28,0.05620081612281175,0.38870584703537586
2026-05-29,0.05641460499758755,0.388630019016317
2026-06-01,0.05598282830497853,0.38929910918215616
2026-06-02,0.055145173715953386,0.38777874607325685
2026-06-03,0.05567354215716632,0.3876588031681667
2026-06-04,0.05558232907936549,0.3882921209344253
2026-06-05,0.05484245304043298,0.4033051000776616
2026-06-08,0.0538473966018567,0.402932331073682
2026-06-09,0.05426485817267269,0.4047720153445813
2026-06-10,0.05498842187608326,0.4066070395039892
2026-06-11,0.054503257629585536,0.4075614364426202
2026-06-12,0.05385523281838847,0.40830129874753657
2026-06-15,0.05648998051268102,0.4141211478879391
2026-06-16,0.05712650421651891,0.41457466081583483
2026-06-17,0.05689203993277897,0.41632128790378775
2026-06-18,0.055902394805570695,0.410187958760604
2026-06-22,0.05523704181737179,0.4098139180991217
2026-06-23,0.05428866007518402,0.41251739391162223
2026-06-24,0.055525686896613004,0.41202597102776856
2026-06-25,0.05582542319560927,0.41204760949965014
2026-06-26,0.05575927404280055,0.4120322695969574
2026-06-29,0.05518351233988371,0.41126696254254697
2026-06-30,0.05473932443643813,0.4103060336149912
2026-07-01,0.05468449715037848,0.40941493613881635
2026-07-02,0.0539874575424593,0.40947350781248626
2026-07-06,0.05437562580334362,0.4101798703593783
2026-07-07,0.053770843340790644,0.41149231187763646
2026-07-08,0.05414402074674611,0.41089700567774595
2026-07-09,0.05422219553629192,0.4119676856511195
2026-07-10,0.05408305141045565,0.4113730777426653
2026-07-13,0.05382126536019812,0.4147340147548884
2026-07-14,0.053644809241659284,0.4168278917193787
2026-07-15,0.05317028909426896,0.4174171062774357
2026-07-16,0.05344092181925434,0.41932159394591895
2026-07-17,0.05342491617501725,0.41844530453389545
2026-07-20,0.05307343909157282,0.4184219018301891
2026-07-21,0.05370175594954553,0.4188446022799544
2026-07-22,0.054043851351569826,0.41850757466005434
2026-07-23,0.05426835769074397,0.42114300664161336
2026-07-24,0.054183595245841536,0.4220227053792328
2026-07-27,0.05418656236623115,0.42212310931876323
2026-07-28,0.0542235076446551,0.4222655166636108
2026-07-29,0.053602772096616555,0.4205656600568058
2026-07-30,0.052390012734450354,0.423883253459423
2026-07-31,0.05196284183514705,0.42361173164400806
2026-08-03,0.052267032729616754,0.4218956783441029
2026-08-04,0.05097261964349281,0.4294633705176269
2026-08-05,0.04988009018335675,0.4280011749854135
2026-08-06,0.04985542862950753,0.4277873327647427
2026-08-07,0.05009461946461945,0.42794064675213644
2026-08-10,0.049768370716934233,0.4288710988233036
2026-08-11,0.04987190428059891,0.42808093634903766
2026-08-12,0.05039595916837889,0.4294865797795304
