eta,penalty,qubo_bitstring,qubo_selected_assets,qubo_cardinality,qubo_feasible,exact_bitstring,exact_selected_assets,matches_exact,qubo_energy,max_energy_check_error
0.0,0.01,011110,"BTC, NASDAQ, SP500, GOLD",4,False,011010,"BTC, NASDAQ, GOLD",False,-0.08863678813955336,6.245004513516506e-17
0.0,0.012,011110,"BTC, NASDAQ, SP500, GOLD",4,False,011010,"BTC, NASDAQ, GOLD",False,-0.08663678813955332,5.551115123125783e-17
0.0,0.014,011110,"BTC, NASDAQ, SP500, GOLD",4,False,011010,"BTC, NASDAQ, GOLD",False,-0.08463678813955336,7.632783294297951e-17
0.0,0.016,011010,"BTC, NASDAQ, GOLD",3,True,011010,"BTC, NASDAQ, GOLD",True,-0.08438911532589316,4.163336342344337e-17
0.0,0.018,011010,"BTC, NASDAQ, GOLD",3,True,011010,"BTC, NASDAQ, GOLD",True,-0.08438911532589316,9.71445146547012e-17
0.0,0.02,011010,"BTC, NASDAQ, GOLD",3,True,011010,"BTC, NASDAQ, GOLD",True,-0.08438911532589316,9.71445146547012e-17
0.0,0.022,011010,"BTC, NASDAQ, GOLD",3,True,011010,"BTC, NASDAQ, GOLD",True,-0.08438911532589313,1.1102230246251565e-16
0.0,0.024,011010,"BTC, NASDAQ, GOLD",3,True,011010,"BTC, NASDAQ, GOLD",True,-0.08438911532589313,1.1102230246251565e-16
0.0,0.025,011010,"BTC, NASDAQ, GOLD",3,True,011010,"BTC, NASDAQ, GOLD",True,-0.08438911532589313,1.249000902703301e-16
0.15,0.01,010010,"BTC, GOLD",2,False,010011,"BTC, GOLD, USD",False,0.00674060624557607,5.551115123125783e-17
0.15,0.012,010010,"BTC, GOLD",2,False,010011,"BTC, GOLD, USD",False,0.008740606245576085,8.326672684688674e-17
0.15,0.014,010010,"BTC, GOLD",2,False,010011,"BTC, GOLD, USD",False,0.010740606245576073,4.163336342344337e-17
0.15,0.016,010010,"BTC, GOLD",2,False,010011,"BTC, GOLD, USD",False,0.012740606245576103,8.326672684688674e-17
0.15,0.018,010010,"BTC, GOLD",2,False,010011,"BTC, GOLD, USD",False,0.014740606245576049,5.551115123125783e-17
0.15,0.02,010010,"BTC, GOLD",2,False,010011,"BTC, GOLD, USD",False,0.01674060624557605,5.551115123125783e-17
0.15,0.022,010011,"BTC, GOLD, USD",3,True,010011,"BTC, GOLD, USD",True,0.017233164082394004,8.326672684688674e-17
0.15,0.024,010011,"BTC, GOLD, USD",3,True,010011,"BTC, GOLD, USD",True,0.017233164082394004,8.326672684688674e-17
0.15,0.025,010011,"BTC, GOLD, USD",3,True,010011,"BTC, GOLD, USD",True,0.017233164082394004,1.1102230246251565e-16
