bitstring,selected_assets,cardinality,feasible,original_objective,penalty_value,qubo_energy,energy_check_error
011010,"BTC, NASDAQ, GOLD",3,True,-0.08438911532589315,0.0,-0.08438911532589313,1.3877787807814457e-17
010110,"BTC, SP500, GOLD",3,True,-0.08186845272432994,0.0,-0.08186845272432988,5.551115123125783e-17
011100,"BTC, NASDAQ, SP500",3,True,-0.08161603011354289,0.0,-0.08161603011354288,1.3877787807814457e-17
101010,"ETH, NASDAQ, GOLD",3,True,-0.07975697426106546,0.0,-0.0797569742610654,5.551115123125783e-17
100110,"ETH, SP500, GOLD",3,True,-0.07799699037311944,0.0,-0.07799699037311938,5.551115123125783e-17
110010,"ETH, BTC, GOLD",3,True,-0.07770999245621715,0.0,-0.0777099924562171,5.551115123125783e-17
101100,"ETH, NASDAQ, SP500",3,True,-0.07673291266179134,0.0,-0.07673291266179125,9.71445146547012e-17
011110,"BTC, NASDAQ, SP500, GOLD",4,False,-0.09863678813955334,0.022,-0.0766367881395533,5.551115123125783e-17
111000,"ETH, BTC, NASDAQ",3,True,-0.07612764909305722,0.0,-0.07612764909305716,5.551115123125783e-17
110100,"ETH, BTC, SP500",3,True,-0.07525675391786034,0.0,-0.07525675391786027,6.938893903907228e-17
101110,"ETH, NASDAQ, SP500, GOLD",4,False,-0.09231812304040886,0.022,-0.07031812304040883,2.7755575615628914e-17
111010,"ETH, BTC, NASDAQ, GOLD",4,False,-0.09013761960656357,0.022,-0.06813761960656348,8.326672684688674e-17
110110,"ETH, BTC, SP500, GOLD",4,False,-0.08968453773095517,0.022,-0.06768453773095509,8.326672684688674e-17
011001,"BTC, NASDAQ, USD",3,True,-0.06766133387502743,0.0,-0.0676613338750274,2.7755575615628914e-17
010011,"BTC, GOLD, USD",3,True,-0.06675819732036023,0.0,-0.06675819732036023,0.0
100011,"ETH, GOLD, USD",3,True,-0.06503409884520443,0.0,-0.06503409884520442,1.3877787807814457e-17
101001,"ETH, NASDAQ, USD",3,True,-0.0649255802993306,0.0,-0.06492558029933057,2.7755575615628914e-17
111100,"ETH, BTC, NASDAQ, SP500",4,False,-0.08666117039838371,0.022,-0.06466117039838362,8.326672684688674e-17
010101,"BTC, SP500, USD",3,True,-0.06465872451030126,0.0,-0.06465872451030116,9.71445146547012e-17
011011,"BTC, NASDAQ, GOLD, USD",4,False,-0.08635134546749428,0.022,-0.06435134546749424,2.7755575615628914e-17
110001,"ETH, BTC, USD",3,True,-0.06420054322999223,0.0,-0.06420054322999216,6.938893903907228e-17
001110,"NASDAQ, SP500, GOLD",3,True,-0.06341053035601442,0.0,-0.06341053035601438,4.163336342344337e-17
100101,"ETH, SP500, USD",3,True,-0.06268364964822162,0.0,-0.06268364964822157,5.551115123125783e-17
010111,"BTC, SP500, GOLD, USD",4,False,-0.08376654940235655,0.022,-0.06176654940235651,3.469446951953614e-17
011101,"BTC, NASDAQ, SP500, USD",4,False,-0.08322866198761227,0.022,-0.061228661987612204,6.245004513516506e-17
101011,"ETH, NASDAQ, GOLD, USD",4,False,-0.08218004424440448,0.022,-0.06018004424440446,2.0816681711721685e-17
100111,"ETH, SP500, GOLD, USD",4,False,-0.08035592689288396,0.022,-0.05835592689288391,4.85722573273506e-17
110011,"ETH, BTC, GOLD, USD",4,False,-0.08029758060954344,0.022,-0.05829758060954335,9.020562075079397e-17
101101,"ETH, NASDAQ, SP500, USD",4,False,-0.07880638437759863,0.022,-0.05680638437759852,1.0408340855860843e-16
111001,"ETH, BTC, NASDAQ, USD",4,False,-0.07842977244242624,0.022,-0.05642977244242617,7.632783294297951e-17
110101,"ETH, BTC, SP500, USD",4,False,-0.07749474380365486,0.022,-0.055494743803654795,6.245004513516506e-17
001011,"NASDAQ, GOLD, USD",3,True,-0.047549153277452086,0.0,-0.04754915327745207,1.3877787807814457e-17
001101,"NASDAQ, SP500, USD",3,True,-0.044878857406475826,0.0,-0.04487885740647582,6.938893903907228e-18
011000,"BTC, NASDAQ",2,False,-0.06627210229877636,0.022,-0.044272102298776345,2.0816681711721685e-17
000111,"SP500, GOLD, USD",3,True,-0.043657455199976755,0.0,-0.04365745519997674,1.3877787807814457e-17
001111,"NASDAQ, SP500, GOLD, USD",4,False,-0.0651441088640538,0.022,-0.04314410886405376,4.85722573273506e-17
010010,"BTC, GOLD",2,False,-0.06508350094015192,0.022,-0.04308350094015187,4.85722573273506e-17
010100,"BTC, SP500",2,False,-0.0633336263976247,0.022,-0.04133362639762464,6.245004513516506e-17
101000,"ETH, NASDAQ",2,False,-0.06307550888134163,0.022,-0.041075508881341566,6.245004513516506e-17
100010,"ETH, GOLD",2,False,-0.06289856262325821,0.022,-0.04089856262325817,4.85722573273506e-17
110000,"ETH, BTC",2,False,-0.06218595364201602,0.022,-0.040185953642015965,5.551115123125783e-17
100100,"ETH, SP500",2,False,-0.06089771169380716,0.022,-0.0388977116938071,6.245004513516506e-17
010001,"BTC, USD",2,False,-0.04655411742719863,0.022,-0.024554117427198624,6.938893903907228e-18
100001,"ETH, USD",2,False,-0.04626556659943579,0.022,-0.024265566599435767,2.0816681711721685e-17
001010,"NASDAQ, GOLD",2,False,-0.04603897506723101,0.022,-0.02403897506723099,2.0816681711721685e-17
001100,"NASDAQ, SP500",2,False,-0.04371827746378651,0.022,-0.02171827746378649,2.0816681711721685e-17
000110,"SP500, GOLD",2,False,-0.0422114104533302,0.022,-0.020211410453330164,3.469446951953614e-17
011111,"BTC, NASDAQ, SP500, GOLD, USD",5,False,-0.10082241857897278,0.088,-0.012822418578972733,5.551115123125783e-17
111110,"ETH, BTC, NASDAQ, SP500, GOLD",5,False,-0.09957488591078378,0.088,-0.011574885910783705,8.326672684688674e-17
101111,"ETH, NASDAQ, SP500, GOLD, USD",5,False,-0.0949645933215662,0.088,-0.006964593321566098,1.1102230246251565e-16
111011,"ETH, BTC, NASDAQ, GOLD, USD",5,False,-0.09301274152128267,0.088,-0.005012741521282588,8.326672684688674e-17
110111,"ETH, BTC, SP500, GOLD, USD",5,False,-0.09249552618209973,0.088,-0.004495526182099668,6.938893903907228e-17
001001,"NASDAQ, USD",2,False,-0.026187646818767812,0.022,-0.004187646818767793,2.0816681711721685e-17
000011,"GOLD, USD",2,False,-0.023525220642857236,0.022,-0.0015252206428572335,3.469446951953614e-18
111101,"ETH, BTC, NASDAQ, SP500, USD",5,False,-0.08918669404557104,0.088,-0.0011866940455709518,9.71445146547012e-17
000101,"SP500, USD",2,False,-0.021878135441704024,0.022,0.00012186455829601983,4.5102810375396984e-17
010000,BTC,1,False,-0.04545241961234038,0.088,0.04254758038765963,1.3877787807814457e-17
100000,ETH,1,False,-0.04470302894283963,0.088,0.04329697105716038,1.3877787807814457e-17
001000,NASDAQ,1,False,-0.025250467173896795,0.088,0.06274953282610321,1.3877787807814457e-17
000010,GOLD,1,False,-0.022302576194028974,0.088,0.06569742380597102,0.0
000100,SP500,1,False,-0.02100508926040752,0.088,0.06699491073959249,1.3877787807814457e-17
000001,USD,1,False,-0.0006496458834781974,0.088,0.0873503541165218,0.0
111111,"ETH, BTC, NASDAQ, SP500, GOLD, USD",6,False,-0.10267340812332118,0.19799999999999998,0.0953265918766789,9.71445146547012e-17
000000,None,0,False,0.0,0.19799999999999998,0.19799999999999998,0.0
