model,eta,qaoa_reps,bitstring,selected_assets,cardinality,feasible,energy,probability,exact_match
standard,0.0,1,011010,"BTC, NASDAQ, GOLD",3,True,-0.084389115325893,0.018,True
standard,0.0,1,010110,"BTC, SP500, GOLD",3,True,-0.08186845272432997,0.021,False
standard,0.0,1,011100,"BTC, NASDAQ, SP500",3,True,-0.08161603011354261,0.019,False
standard,0.0,1,101010,"ETH, NASDAQ, GOLD",3,True,-0.0797569742610656,0.026,False
standard,0.0,1,100110,"ETH, SP500, GOLD",3,True,-0.0779969903731198,0.016,False
standard,0.0,1,110010,"ETH, BTC, GOLD",3,True,-0.07770999245621739,0.017,False
standard,0.0,1,101100,"ETH, NASDAQ, SP500",3,True,-0.0767329126617912,0.02,False
standard,0.0,1,011110,"BTC, NASDAQ, SP500, GOLD",4,False,-0.0766367881395534,0.022,False
standard,0.0,1,111000,"ETH, BTC, NASDAQ",3,True,-0.07612764909305679,0.019,False
standard,0.0,1,110100,"ETH, BTC, SP500",3,True,-0.0752567539178602,0.029,False
standard,0.0,1,101110,"ETH, NASDAQ, SP500, GOLD",4,False,-0.07031812304040919,0.019,False
standard,0.0,1,111010,"ETH, BTC, NASDAQ, GOLD",4,False,-0.0681376196065636,0.009,False
standard,0.0,1,110110,"ETH, BTC, SP500, GOLD",4,False,-0.06768453773095541,0.014,False
standard,0.0,1,011001,"BTC, NASDAQ, USD",3,True,-0.06766133387502739,0.026,False
standard,0.0,1,010011,"BTC, GOLD, USD",3,True,-0.0667581973203604,0.022,False
standard,0.0,1,100011,"ETH, GOLD, USD",3,True,-0.0650340988452046,0.03,False
standard,0.0,1,101001,"ETH, NASDAQ, USD",3,True,-0.0649255802993304,0.018,False
standard,0.0,1,111100,"ETH, BTC, NASDAQ, SP500",4,False,-0.0646611703983832,0.008,False
standard,0.0,1,010101,"BTC, SP500, USD",3,True,-0.06465872451030118,0.017,False
standard,0.0,1,011011,"BTC, NASDAQ, GOLD, USD",4,False,-0.06435134546749456,0.017,False
standard,0.0,1,110001,"ETH, BTC, USD",3,True,-0.0642005432299922,0.013,False
standard,0.0,1,001110,"NASDAQ, SP500, GOLD",3,True,-0.06341053035601459,0.02,False
standard,0.0,1,100101,"ETH, SP500, USD",3,True,-0.0626836496482214,0.018,False
standard,0.0,1,010111,"BTC, SP500, GOLD, USD",4,False,-0.06176654940235678,0.019,False
standard,0.0,1,011101,"BTC, NASDAQ, SP500, USD",4,False,-0.061228661987612204,0.017,False
standard,0.0,1,101011,"ETH, NASDAQ, GOLD, USD",4,False,-0.060180044244404804,0.023,False
standard,0.0,1,100111,"ETH, SP500, GOLD, USD",4,False,-0.0583559268928842,0.018,False
standard,0.0,1,110011,"ETH, BTC, GOLD, USD",4,False,-0.058297580609543806,0.01,False
standard,0.0,1,101101,"ETH, NASDAQ, SP500, USD",4,False,-0.05680638437759841,0.014,False
standard,0.0,1,111001,"ETH, BTC, NASDAQ, USD",4,False,-0.056429772442426,0.014,False
standard,0.0,1,110101,"ETH, BTC, SP500, USD",4,False,-0.055494743803654614,0.015,False
standard,0.0,1,001011,"NASDAQ, GOLD, USD",3,True,-0.0475491532774522,0.018,False
standard,0.0,1,001101,"NASDAQ, SP500, USD",3,True,-0.044878857406475806,0.015,False
standard,0.0,1,011000,"BTC, NASDAQ",2,False,-0.04427210229877622,0.007,False
standard,0.0,1,000111,"SP500, GOLD, USD",3,True,-0.04365745519997681,0.02,False
standard,0.0,1,001111,"NASDAQ, SP500, GOLD, USD",4,False,-0.04314410886405423,0.018,False
standard,0.0,1,010010,"BTC, GOLD",2,False,-0.04308350094015201,0.014,False
standard,0.0,1,010100,"BTC, SP500",2,False,-0.04133362639762479,0.02,False
standard,0.0,1,101000,"ETH, NASDAQ",2,False,-0.04107550888134161,0.018,False
standard,0.0,1,100010,"ETH, GOLD",2,False,-0.04089856262325861,0.017,False
standard,0.0,1,110000,"ETH, BTC",2,False,-0.04018595364201623,0.016,False
standard,0.0,1,100100,"ETH, SP500",2,False,-0.03889771169380739,0.023,False
standard,0.0,1,010001,"BTC, USD",2,False,-0.024554117427198794,0.012,False
standard,0.0,1,100001,"ETH, USD",2,False,-0.024265566599435802,0.016,False
standard,0.0,1,001010,"NASDAQ, GOLD",2,False,-0.024038975067231003,0.015,False
standard,0.0,1,001100,"NASDAQ, SP500",2,False,-0.02171827746378659,0.014,False
standard,0.0,1,000110,"SP500, GOLD",2,False,-0.020211410453330393,0.015,False
standard,0.0,1,011111,"BTC, NASDAQ, SP500, GOLD, USD",5,False,-0.01282241857897341,0.015,False
standard,0.0,1,111110,"ETH, BTC, NASDAQ, SP500, GOLD",5,False,-0.011574885910784018,0.013,False
standard,0.0,1,101111,"ETH, NASDAQ, SP500, GOLD, USD",5,False,-0.0069645933215668095,0.01,False
standard,0.0,1,111011,"ETH, BTC, NASDAQ, GOLD, USD",5,False,-0.005012741521283191,0.009,False
standard,0.0,1,110111,"ETH, BTC, SP500, GOLD, USD",5,False,-0.0044955261821001975,0.007,False
standard,0.0,1,001001,"NASDAQ, USD",2,False,-0.004187646818767798,0.014,False
standard,0.0,1,000011,"GOLD, USD",2,False,-0.0015252206428572005,0.012,False
standard,0.0,1,111101,"ETH, BTC, NASDAQ, SP500, USD",5,False,-0.0011866940455707992,0.013,False
standard,0.0,1,000101,"SP500, USD",2,False,0.00012186455829600075,0.015,False
standard,0.0,1,010000,BTC,1,False,0.0425475803876592,0.009,False
standard,0.0,1,100000,ETH,1,False,0.043296971057159794,0.01,False
standard,0.0,1,001000,NASDAQ,1,False,0.062749532826103,0.01,False
standard,0.0,1,000010,GOLD,1,False,0.06569742380597081,0.01,False
standard,0.0,1,000100,SP500,1,False,0.06699491073959202,0.011,False
standard,0.0,1,000001,USD,1,False,0.08735035411652158,0.007,False
standard,0.0,1,111111,"ETH, BTC, NASDAQ, SP500, GOLD, USD",6,False,0.095326591876678,0.006,False
standard,0.0,1,000000,,0,False,0.1979999999999992,0.003,False
systemic,0.15,1,010011,"BTC, GOLD, USD",3,True,0.017233164082393913,0.012,True
systemic,0.15,1,010010,"BTC, GOLD",2,False,0.018740606245576313,0.022,False
systemic,0.15,1,100011,"ETH, GOLD, USD",3,True,0.02068108905180909,0.021,False
systemic,0.15,1,100010,"ETH, GOLD",2,False,0.022649371056729085,0.017,False
systemic,0.15,1,011010,"BTC, NASDAQ, GOLD",3,True,0.02618522361796369,0.018,False
systemic,0.15,1,110010,"ETH, BTC, GOLD",3,True,0.0267533774226497,0.022,False
systemic,0.15,1,010110,"BTC, SP500, GOLD",3,True,0.029955654461398116,0.019,False
systemic,0.15,1,101010,"ETH, NASDAQ, GOLD",3,True,0.03254119117705047,0.013,False
systemic,0.15,1,100110,"ETH, SP500, GOLD",3,True,0.035550943306867686,0.019,False
systemic,0.15,1,010001,"BTC, USD",2,False,0.03852857298870711,0.017,False
systemic,0.15,1,100001,"ETH, USD",2,False,0.04054095031072949,0.014,False
systemic,0.15,1,110001,"ETH, BTC, USD",3,True,0.04152140987905251,0.018,False
systemic,0.15,1,000011,"GOLD, USD",2,False,0.04155070456101771,0.03,False
systemic,0.15,1,110000,"ETH, BTC",2,False,0.04336874525000248,0.025,False
systemic,0.15,1,011001,"BTC, NASDAQ, USD",3,True,0.0441715882990069,0.016,False
systemic,0.15,1,001011,"NASDAQ, GOLD, USD",3,True,0.04427700368455113,0.023,False
systemic,0.15,1,011000,"BTC, NASDAQ",2,False,0.045393565658232105,0.022,False
systemic,0.15,1,001010,"NASDAQ, GOLD",2,False,0.04561992767774628,0.014,False
systemic,0.15,1,010101,"BTC, SP500, USD",3,True,0.048423965905604494,0.015,False
systemic,0.15,1,101001,"ETH, NASDAQ, USD",3,True,0.048631168368963265,0.015,False
systemic,0.15,1,000111,"SP500, GOLD, USD",3,True,0.04941847000389793,0.014,False
systemic,0.15,1,010100,"BTC, SP500",2,False,0.049581809801254914,0.018,False
systemic,0.15,1,101000,"ETH, NASDAQ",2,False,0.05031398556992607,0.012,False
systemic,0.15,1,000110,"SP500, GOLD",2,False,0.05069726053351832,0.016,False
systemic,0.15,1,100101,"ETH, SP500, USD",3,True,0.05212286726194368,0.015,False
systemic,0.15,1,100100,"ETH, SP500",2,False,0.053741550999331686,0.027,False
systemic,0.15,1,111000,"ETH, BTC, NASDAQ",3,True,0.056177281557090286,0.025,False
systemic,0.15,1,001110,"NASDAQ, SP500, GOLD",3,True,0.056248372388962506,0.021,False
systemic,0.15,1,011100,"BTC, NASDAQ, SP500",3,True,0.05804963784346552,0.015,False
systemic,0.15,1,110100,"ETH, BTC, SP500",3,True,0.058297944974158314,0.017,False
systemic,0.15,1,101100,"ETH, NASDAQ, SP500",3,True,0.0646565817894763,0.01,False
systemic,0.15,1,001001,"NASDAQ, USD",2,False,0.0667298391563871,0.022,False
systemic,0.15,1,110011,"ETH, BTC, GOLD, USD",4,False,0.06833304348634932,0.017,False
systemic,0.15,1,011011,"BTC, NASDAQ, GOLD, USD",4,False,0.06839024769338813,0.013,False
systemic,0.15,1,010111,"BTC, SP500, GOLD, USD",4,False,0.07222481200039732,0.014,False
systemic,0.15,1,000101,"SP500, USD",2,False,0.0722891187753223,0.018,False
systemic,0.15,1,101011,"ETH, NASDAQ, GOLD, USD",4,False,0.07428537541073728,0.013,False
systemic,0.15,1,001101,"NASDAQ, SP500, USD",3,True,0.07603862856867892,0.013,False
systemic,0.15,1,001100,"NASDAQ, SP500",2,False,0.0770319542943421,0.016,False
systemic,0.15,1,100111,"ETH, SP500, GOLD, USD",4,False,0.07735926100412933,0.02,False
systemic,0.15,1,010000,BTC,1,False,0.08346301658653912,0.011,False
systemic,0.15,1,011110,"BTC, NASDAQ, SP500, GOLD",4,False,0.08393755080430308,0.016,False
systemic,0.15,1,111010,"ETH, BTC, NASDAQ, GOLD",4,False,0.08507598203043189,0.011,False
systemic,0.15,1,100000,ETH,1,False,0.0859362337502991,0.017,False
systemic,0.15,1,000010,GOLD,1,False,0.08660609479281971,0.011,False
systemic,0.15,1,110110,"ETH, BTC, SP500, GOLD",4,False,0.0867788321479115,0.012,False
systemic,0.15,1,101110,"ETH, NASDAQ, SP500, GOLD",4,False,0.09198004239770667,0.015,False
systemic,0.15,1,111001,"ETH, BTC, NASDAQ, USD",4,False,0.09804241242474711,0.014,False
systemic,0.15,1,001111,"NASDAQ, SP500, GOLD, USD",4,False,0.09868204809794891,0.015,False
systemic,0.15,1,110101,"ETH, BTC, SP500, USD",4,False,0.1002272093053899,0.013,False
systemic,0.15,1,011101,"BTC, NASDAQ, SP500, USD",4,False,0.10060426018642192,0.011,False
systemic,0.15,1,101101,"ETH, NASDAQ, SP500, USD",4,False,0.10675036429069511,0.016,False
systemic,0.15,1,000001,USD,1,False,0.10951760833354807,0.011,False
systemic,0.15,1,001000,NASDAQ,1,False,0.1114997645842319,0.007,False
systemic,0.15,1,000100,SP500,1,False,0.1169949107395923,0.016,False
systemic,0.15,1,111100,"ETH, BTC, NASDAQ, SP500",4,False,0.11764376025176372,0.015,False
systemic,0.15,1,011111,"BTC, NASDAQ, SP500, GOLD, USD",5,False,0.16991917458190914,0.013,False
systemic,0.15,1,111011,"ETH, BTC, NASDAQ, GOLD, USD",5,False,0.1703681143327383,0.014,False
systemic,0.15,1,110111,"ETH, BTC, SP500, GOLD, USD",5,False,0.17213509791379272,0.009,False
systemic,0.15,1,101111,"ETH, NASDAQ, SP500, GOLD, USD",5,False,0.1775008263335751,0.008,False
systemic,0.15,1,111110,"ETH, BTC, NASDAQ, SP500, GOLD",5,False,0.19163871572621133,0.01,False
systemic,0.15,1,000000,,0,False,0.1979999999999997,0.01,False
systemic,0.15,1,111101,"ETH, BTC, NASDAQ, SP500, USD",5,False,0.20328549082160213,0.011,False
systemic,0.15,1,111111,"ETH, BTC, NASDAQ, SP500, GOLD, USD",6,False,0.32070744773069937,0.006,False
standard,0.0,2,011010,"BTC, NASDAQ, GOLD",3,True,-0.084389115325893,0.005,True
standard,0.0,2,010110,"BTC, SP500, GOLD",3,True,-0.08186845272432997,0.014,False
standard,0.0,2,011100,"BTC, NASDAQ, SP500",3,True,-0.08161603011354261,0.013,False
standard,0.0,2,101010,"ETH, NASDAQ, GOLD",3,True,-0.0797569742610656,0.017,False
standard,0.0,2,100110,"ETH, SP500, GOLD",3,True,-0.0779969903731198,0.017,False
standard,0.0,2,110010,"ETH, BTC, GOLD",3,True,-0.07770999245621739,0.017,False
standard,0.0,2,101100,"ETH, NASDAQ, SP500",3,True,-0.0767329126617912,0.015,False
standard,0.0,2,011110,"BTC, NASDAQ, SP500, GOLD",4,False,-0.0766367881395534,0.017,False
standard,0.0,2,111000,"ETH, BTC, NASDAQ",3,True,-0.07612764909305679,0.025,False
standard,0.0,2,110100,"ETH, BTC, SP500",3,True,-0.0752567539178602,0.014,False
standard,0.0,2,101110,"ETH, NASDAQ, SP500, GOLD",4,False,-0.07031812304040919,0.018,False
standard,0.0,2,111010,"ETH, BTC, NASDAQ, GOLD",4,False,-0.0681376196065636,0.018,False
standard,0.0,2,110110,"ETH, BTC, SP500, GOLD",4,False,-0.06768453773095541,0.016,False
standard,0.0,2,011001,"BTC, NASDAQ, USD",3,True,-0.06766133387502739,0.015,False
standard,0.0,2,010011,"BTC, GOLD, USD",3,True,-0.0667581973203604,0.018,False
standard,0.0,2,100011,"ETH, GOLD, USD",3,True,-0.0650340988452046,0.023,False
standard,0.0,2,101001,"ETH, NASDAQ, USD",3,True,-0.0649255802993304,0.024,False
standard,0.0,2,111100,"ETH, BTC, NASDAQ, SP500",4,False,-0.0646611703983832,0.017,False
standard,0.0,2,010101,"BTC, SP500, USD",3,True,-0.06465872451030118,0.018,False
standard,0.0,2,011011,"BTC, NASDAQ, GOLD, USD",4,False,-0.06435134546749456,0.013,False
standard,0.0,2,110001,"ETH, BTC, USD",3,True,-0.0642005432299922,0.02,False
standard,0.0,2,001110,"NASDAQ, SP500, GOLD",3,True,-0.06341053035601459,0.016,False
standard,0.0,2,100101,"ETH, SP500, USD",3,True,-0.0626836496482214,0.018,False
standard,0.0,2,010111,"BTC, SP500, GOLD, USD",4,False,-0.06176654940235678,0.019,False
standard,0.0,2,011101,"BTC, NASDAQ, SP500, USD",4,False,-0.061228661987612204,0.017,False
standard,0.0,2,101011,"ETH, NASDAQ, GOLD, USD",4,False,-0.060180044244404804,0.023,False
standard,0.0,2,100111,"ETH, SP500, GOLD, USD",4,False,-0.0583559268928842,0.016,False
standard,0.0,2,110011,"ETH, BTC, GOLD, USD",4,False,-0.058297580609543806,0.011,False
standard,0.0,2,101101,"ETH, NASDAQ, SP500, USD",4,False,-0.05680638437759841,0.014,False
standard,0.0,2,111001,"ETH, BTC, NASDAQ, USD",4,False,-0.056429772442426,0.016,False
standard,0.0,2,110101,"ETH, BTC, SP500, USD",4,False,-0.055494743803654614,0.012,False
standard,0.0,2,001011,"NASDAQ, GOLD, USD",3,True,-0.0475491532774522,0.017,False
standard,0.0,2,001101,"NASDAQ, SP500, USD",3,True,-0.044878857406475806,0.015,False
standard,0.0,2,011000,"BTC, NASDAQ",2,False,-0.04427210229877622,0.02,False
standard,0.0,2,000111,"SP500, GOLD, USD",3,True,-0.04365745519997681,0.018,False
standard,0.0,2,001111,"NASDAQ, SP500, GOLD, USD",4,False,-0.04314410886405423,0.018,False
standard,0.0,2,010010,"BTC, GOLD",2,False,-0.04308350094015201,0.021,False
standard,0.0,2,010100,"BTC, SP500",2,False,-0.04133362639762479,0.022,False
standard,0.0,2,101000,"ETH, NASDAQ",2,False,-0.04107550888134161,0.01,False
standard,0.0,2,100010,"ETH, GOLD",2,False,-0.04089856262325861,0.012,False
standard,0.0,2,110000,"ETH, BTC",2,False,-0.04018595364201623,0.024,False
standard,0.0,2,100100,"ETH, SP500",2,False,-0.03889771169380739,0.024,False
standard,0.0,2,010001,"BTC, USD",2,False,-0.024554117427198794,0.008,False
standard,0.0,2,100001,"ETH, USD",2,False,-0.024265566599435802,0.018,False
standard,0.0,2,001010,"NASDAQ, GOLD",2,False,-0.024038975067231003,0.02,False
standard,0.0,2,001100,"NASDAQ, SP500",2,False,-0.02171827746378659,0.015,False
standard,0.0,2,000110,"SP500, GOLD",2,False,-0.020211410453330393,0.014,False
standard,0.0,2,011111,"BTC, NASDAQ, SP500, GOLD, USD",5,False,-0.01282241857897341,0.014,False
standard,0.0,2,111110,"ETH, BTC, NASDAQ, SP500, GOLD",5,False,-0.011574885910784018,0.01,False
standard,0.0,2,101111,"ETH, NASDAQ, SP500, GOLD, USD",5,False,-0.0069645933215668095,0.008,False
standard,0.0,2,111011,"ETH, BTC, NASDAQ, GOLD, USD",5,False,-0.005012741521283191,0.01,False
standard,0.0,2,110111,"ETH, BTC, SP500, GOLD, USD",5,False,-0.0044955261821001975,0.006,False
standard,0.0,2,001001,"NASDAQ, USD",2,False,-0.004187646818767798,0.017,False
standard,0.0,2,000011,"GOLD, USD",2,False,-0.0015252206428572005,0.022,False
standard,0.0,2,111101,"ETH, BTC, NASDAQ, SP500, USD",5,False,-0.0011866940455707992,0.01,False
standard,0.0,2,000101,"SP500, USD",2,False,0.00012186455829600075,0.014,False
standard,0.0,2,010000,BTC,1,False,0.0425475803876592,0.011,False
standard,0.0,2,100000,ETH,1,False,0.043296971057159794,0.017,False
standard,0.0,2,001000,NASDAQ,1,False,0.062749532826103,0.008,False
standard,0.0,2,000010,GOLD,1,False,0.06569742380597081,0.01,False
standard,0.0,2,000100,SP500,1,False,0.06699491073959202,0.018,False
standard,0.0,2,000001,USD,1,False,0.08735035411652158,0.014,False
standard,0.0,2,111111,"ETH, BTC, NASDAQ, SP500, GOLD, USD",6,False,0.095326591876678,0.009,False
standard,0.0,2,000000,,0,False,0.1979999999999992,0.01,False
systemic,0.15,2,010011,"BTC, GOLD, USD",3,True,0.017233164082393913,0.02,True
systemic,0.15,2,010010,"BTC, GOLD",2,False,0.018740606245576313,0.011,False
systemic,0.15,2,100011,"ETH, GOLD, USD",3,True,0.02068108905180909,0.028,False
systemic,0.15,2,100010,"ETH, GOLD",2,False,0.022649371056729085,0.018,False
systemic,0.15,2,011010,"BTC, NASDAQ, GOLD",3,True,0.02618522361796369,0.02,False
systemic,0.15,2,110010,"ETH, BTC, GOLD",3,True,0.0267533774226497,0.018,False
systemic,0.15,2,010110,"BTC, SP500, GOLD",3,True,0.029955654461398116,0.02,False
systemic,0.15,2,101010,"ETH, NASDAQ, GOLD",3,True,0.03254119117705047,0.023,False
systemic,0.15,2,100110,"ETH, SP500, GOLD",3,True,0.035550943306867686,0.018,False
systemic,0.15,2,010001,"BTC, USD",2,False,0.03852857298870711,0.016,False
systemic,0.15,2,100001,"ETH, USD",2,False,0.04054095031072949,0.019,False
systemic,0.15,2,110001,"ETH, BTC, USD",3,True,0.04152140987905251,0.015,False
systemic,0.15,2,000011,"GOLD, USD",2,False,0.04155070456101771,0.017,False
systemic,0.15,2,110000,"ETH, BTC",2,False,0.04336874525000248,0.016,False
systemic,0.15,2,011001,"BTC, NASDAQ, USD",3,True,0.0441715882990069,0.022,False
systemic,0.15,2,001011,"NASDAQ, GOLD, USD",3,True,0.04427700368455113,0.022,False
systemic,0.15,2,011000,"BTC, NASDAQ",2,False,0.045393565658232105,0.007,False
systemic,0.15,2,001010,"NASDAQ, GOLD",2,False,0.04561992767774628,0.018,False
systemic,0.15,2,010101,"BTC, SP500, USD",3,True,0.048423965905604494,0.019,False
systemic,0.15,2,101001,"ETH, NASDAQ, USD",3,True,0.048631168368963265,0.024,False
systemic,0.15,2,000111,"SP500, GOLD, USD",3,True,0.04941847000389793,0.019,False
systemic,0.15,2,010100,"BTC, SP500",2,False,0.049581809801254914,0.023,False
systemic,0.15,2,101000,"ETH, NASDAQ",2,False,0.05031398556992607,0.019,False
systemic,0.15,2,000110,"SP500, GOLD",2,False,0.05069726053351832,0.018,False
systemic,0.15,2,100101,"ETH, SP500, USD",3,True,0.05212286726194368,0.019,False
systemic,0.15,2,100100,"ETH, SP500",2,False,0.053741550999331686,0.026,False
systemic,0.15,2,111000,"ETH, BTC, NASDAQ",3,True,0.056177281557090286,0.02,False
systemic,0.15,2,001110,"NASDAQ, SP500, GOLD",3,True,0.056248372388962506,0.019,False
systemic,0.15,2,011100,"BTC, NASDAQ, SP500",3,True,0.05804963784346552,0.019,False
systemic,0.15,2,110100,"ETH, BTC, SP500",3,True,0.058297944974158314,0.022,False
systemic,0.15,2,101100,"ETH, NASDAQ, SP500",3,True,0.0646565817894763,0.018,False
systemic,0.15,2,001001,"NASDAQ, USD",2,False,0.0667298391563871,0.012,False
systemic,0.15,2,110011,"ETH, BTC, GOLD, USD",4,False,0.06833304348634932,0.012,False
systemic,0.15,2,011011,"BTC, NASDAQ, GOLD, USD",4,False,0.06839024769338813,0.011,False
systemic,0.15,2,010111,"BTC, SP500, GOLD, USD",4,False,0.07222481200039732,0.014,False
systemic,0.15,2,000101,"SP500, USD",2,False,0.0722891187753223,0.017,False
systemic,0.15,2,101011,"ETH, NASDAQ, GOLD, USD",4,False,0.07428537541073728,0.021,False
systemic,0.15,2,001101,"NASDAQ, SP500, USD",3,True,0.07603862856867892,0.018,False
systemic,0.15,2,001100,"NASDAQ, SP500",2,False,0.0770319542943421,0.018,False
systemic,0.15,2,100111,"ETH, SP500, GOLD, USD",4,False,0.07735926100412933,0.021,False
systemic,0.15,2,010000,BTC,1,False,0.08346301658653912,0.009,False
systemic,0.15,2,011110,"BTC, NASDAQ, SP500, GOLD",4,False,0.08393755080430308,0.018,False
systemic,0.15,2,111010,"ETH, BTC, NASDAQ, GOLD",4,False,0.08507598203043189,0.005,False
systemic,0.15,2,100000,ETH,1,False,0.0859362337502991,0.01,False
systemic,0.15,2,000010,GOLD,1,False,0.08660609479281971,0.011,False
systemic,0.15,2,110110,"ETH, BTC, SP500, GOLD",4,False,0.0867788321479115,0.011,False
systemic,0.15,2,101110,"ETH, NASDAQ, SP500, GOLD",4,False,0.09198004239770667,0.021,False
systemic,0.15,2,111001,"ETH, BTC, NASDAQ, USD",4,False,0.09804241242474711,0.012,False
systemic,0.15,2,001111,"NASDAQ, SP500, GOLD, USD",4,False,0.09868204809794891,0.015,False
systemic,0.15,2,110101,"ETH, BTC, SP500, USD",4,False,0.1002272093053899,0.013,False
systemic,0.15,2,011101,"BTC, NASDAQ, SP500, USD",4,False,0.10060426018642192,0.017,False
systemic,0.15,2,101101,"ETH, NASDAQ, SP500, USD",4,False,0.10675036429069511,0.016,False
systemic,0.15,2,000001,USD,1,False,0.10951760833354807,0.005,False
systemic,0.15,2,001000,NASDAQ,1,False,0.1114997645842319,0.01,False
systemic,0.15,2,000100,SP500,1,False,0.1169949107395923,0.012,False
systemic,0.15,2,111100,"ETH, BTC, NASDAQ, SP500",4,False,0.11764376025176372,0.009,False
systemic,0.15,2,011111,"BTC, NASDAQ, SP500, GOLD, USD",5,False,0.16991917458190914,0.011,False
systemic,0.15,2,111011,"ETH, BTC, NASDAQ, GOLD, USD",5,False,0.1703681143327383,0.01,False
systemic,0.15,2,110111,"ETH, BTC, SP500, GOLD, USD",5,False,0.17213509791379272,0.009,False
systemic,0.15,2,101111,"ETH, NASDAQ, SP500, GOLD, USD",5,False,0.1775008263335751,0.012,False
systemic,0.15,2,111110,"ETH, BTC, NASDAQ, SP500, GOLD",5,False,0.19163871572621133,0.011,False
systemic,0.15,2,000000,,0,False,0.1979999999999997,0.003,False
systemic,0.15,2,111101,"ETH, BTC, NASDAQ, SP500, USD",5,False,0.20328549082160213,0.009,False
systemic,0.15,2,111111,"ETH, BTC, NASDAQ, SP500, GOLD, USD",6,False,0.32070744773069937,0.004,False
